{
	"info": {
		"_postman_id": "22adc66a-b434-43c4-a801-d11f0834275e",
		"name": "Project Feasibility",
		"schema": "https://schema.getpostman.com/json/collection/v2.1.0/collection.json",
		"_exporter_id": "37340823"
	},
	"item": [
		{
			"name": "finance",
			"request": {
				"method": "POST",
				"header": [],
				"body": {
					"mode": "raw",
					"raw": "{\r\n            \"Total\":1426600.0,\r\n            \"utility costs\":45000.0,\r\n            \"hardware cost\":380000.0,\r\n            \"Software costs\":701600.0,\r\n            \"Budget\":300000.0,\r\n            \"Additional Costs\":0.0,\r\n            \"man hours\":600.0,\r\n            \"Project Plan(weeks)\":12.0,\r\n            \"Procedure\":\"Excellent\",\r\n            \"Security\":\"very high\",\r\n            \"Resourses\":8.0,\r\n            \"Investment\":1355007.5700000001,\r\n            \"Resource Utilization Efficiency (%)\":94.18,\r\n            \"Plan Compliance (%)\":82.44,\r\n            \"Cost Per Resource\":178325.0\r\n            }",
					"options": {
						"raw": {
							"language": "json"
						}
					}
				},
				"url": {
					"raw": "http://127.0.0.1:5000/api/finance",
					"protocol": "http",
					"host": [
						"127",
						"0",
						"0",
						"1"
					],
					"port": "5000",
					"path": [
						"api",
						"finance"
					]
				}
			},
			"response": []
		},
		{
			"name": "fields_financial",
			"request": {
				"method": "POST",
				"header": [],
				"body": {
					"mode": "formdata",
					"formdata": [
						{
							"key": "file",
							"type": "file",
							"src": "/C:/Users/isuru/Dropbox/Freelance 2024/Group/Project Feasibility Tool/Proposals/EJ683992.pdf"
						}
					]
				},
				"url": {
					"raw": "http://127.0.0.1:5000/fields/financial",
					"protocol": "http",
					"host": [
						"127",
						"0",
						"0",
						"1"
					],
					"port": "5000",
					"path": [
						"fields",
						"financial"
					]
				}
			},
			"response": []
		},
		{
			"name": "fields_technical",
			"request": {
				"method": "POST",
				"header": [],
				"body": {
					"mode": "formdata",
					"formdata": [
						{
							"key": "file",
							"type": "file",
							"src": "/C:/Users/isuru/Dropbox/Freelance 2024/Group/Project Feasibility Tool/Proposals/IT19189086_Project Proposal (2).pdf"
						}
					]
				},
				"url": {
					"raw": "http://127.0.0.1:5000/fields/technical",
					"protocol": "http",
					"host": [
						"127",
						"0",
						"0",
						"1"
					],
					"port": "5000",
					"path": [
						"fields",
						"technical"
					]
				}
			},
			"response": []
		},
		{
			"name": "organizational",
			"request": {
				"method": "POST",
				"header": [],
				"body": {
					"mode": "raw",
					"raw": "{\r\n   \"Q1\":\"A1\",\r\n   \"Q2\":\"A2\",\r\n   \"Q3\":\"A1\",\r\n   \"Q4\":\"A1\",\r\n   \"Q5\":\"A1\",\r\n   \"Q6\":\"A1\",\r\n   \"Q7\":\"A1\",\r\n   \"Q8\":\"A1\",\r\n   \"Q9\":\"A1\",\r\n   \"Q10\":\"A1\",\r\n   \"Q11\":\"A1\",\r\n   \"Q12\":\"A1\",\r\n   \"Q13\":\"A1\",\r\n   \"Q14\":\"A1\",\r\n   \"Q15\":\"A1\",\r\n   \"Q16\":\"A1\",\r\n   \"Q17\":\"A1\",\r\n   \"Q18\":\"A1\",\r\n   \"Q19\":\"A1\",\r\n   \"Q20\":\"A1\"\r\n}",
					"options": {
						"raw": {
							"language": "json"
						}
					}
				},
				"url": {
					"raw": "http://127.0.0.1:5000/api/organizational",
					"protocol": "http",
					"host": [
						"127",
						"0",
						"0",
						"1"
					],
					"port": "5000",
					"path": [
						"api",
						"organizational"
					]
				}
			},
			"response": []
		},
		{
			"name": "technical",
			"request": {
				"method": "POST",
				"header": [],
				"body": {
					"mode": "raw",
					"raw": "{\r\n            \"Operating System\":\"Android 10\",\r\n            \"Application Server\":10,\r\n            \"Front End\":\"React Native\",\r\n            \"Back End\":\"Node.js\",\r\n            \"Database\":\"Oracle Database\",\r\n            \"Processor\":\"AMD Ryzen 5\",\r\n            \"Speed\":\"2GHz\",\r\n            \"RAM\":\"64GB RAM\",\r\n            \"SSD\":\"1TB SSD\",\r\n            \"Hard Disk\":\"500GB\",\r\n            \"Device\":\"Smartphone\",\r\n            \"Framework\":\"Langchain\",\r\n            \"Source control tools\":\"GitHub\",\r\n            \"IDE\":\"Visual Studio Code\"\r\n            }",
					"options": {
						"raw": {
							"language": "json"
						}
					}
				},
				"url": {
					"raw": "http://127.0.0.1:5000/api/technical",
					"protocol": "http",
					"host": [
						"127",
						"0",
						"0",
						"1"
					],
					"port": "5000",
					"path": [
						"api",
						"technical"
					]
				}
			},
			"response": []
		},
		{
			"name": "operational",
			"request": {
				"method": "POST",
				"header": [],
				"body": {
					"mode": "raw",
					"raw": "{\r\n   \"Q1\":\"A1\",\r\n   \"Q2\":\"A2\",\r\n   \"Q3\":\"A1\",\r\n   \"Q4\":\"A1\",\r\n   \"Q5\":\"A1\",\r\n   \"Q6\":\"A1\",\r\n   \"Q7\":\"A1\",\r\n   \"Q8\":\"A1\",\r\n   \"Q9\":\"A1\",\r\n   \"Q10\":\"A1\",\r\n   \"Q11\":\"A1\",\r\n   \"Q12\":\"A1\",\r\n   \"Q13\":\"A1\",\r\n   \"Q14\":\"A1\",\r\n   \"Q15\":\"A1\",\r\n   \"Q16\":\"A1\",\r\n   \"Q17\":\"A1\",\r\n   \"Q18\":\"A1\",\r\n   \"Q19\":\"A1\",\r\n   \"Q20\":\"A1\"\r\n}",
					"options": {
						"raw": {
							"language": "json"
						}
					}
				},
				"url": {
					"raw": "http://127.0.0.1:5000/api/operational",
					"protocol": "http",
					"host": [
						"127",
						"0",
						"0",
						"1"
					],
					"port": "5000",
					"path": [
						"api",
						"operational"
					]
				}
			},
			"response": []
		}
	]
}