{
"meta":{"test_sets":[],"test_metrics":[],"learn_metrics":[{"best_value":"Min","name":"MultiClass"}],"launch_mode":"Train","parameters":"","iteration_count":1000,"learn_sets":["learn"],"name":"experiment"},
"iterations":[
{"learn":[1.088223178],"iteration":0,"passed_time":0.198239052,"remaining_time":198.0408129},
{"learn":[1.072844487],"iteration":1,"passed_time":0.2353218443,"remaining_time":117.4256003},
{"learn":[1.061587568],"iteration":2,"passed_time":0.2684815077,"remaining_time":89.22535439},
{"learn":[1.048517981],"iteration":3,"passed_time":0.3020848777,"remaining_time":75.21913455},
{"learn":[1.02925175],"iteration":4,"passed_time":0.3346692157,"remaining_time":66.59917393},
{"learn":[1.019102915],"iteration":5,"passed_time":0.3685592626,"remaining_time":61.0579845},
{"learn":[1.0114246],"iteration":6,"passed_time":0.4012012229,"remaining_time":56.91325919},
{"learn":[0.9972765711],"iteration":7,"passed_time":0.4363296473,"remaining_time":54.10487627},
{"learn":[0.9845054516],"iteration":8,"passed_time":0.4722063414,"remaining_time":51.99516492},
{"learn":[0.9751868487],"iteration":9,"passed_time":0.5065039471,"remaining_time":50.14389077},
{"learn":[0.9663705703],"iteration":10,"passed_time":0.5396835286,"remaining_time":48.52245544},
{"learn":[0.9547131523],"iteration":11,"passed_time":0.5736600962,"remaining_time":47.23134792},
{"learn":[0.9447262368],"iteration":12,"passed_time":0.6069627539,"remaining_time":46.08247986},
{"learn":[0.9308225981],"iteration":13,"passed_time":0.6398850302,"remaining_time":45.06618855},
{"learn":[0.9234398787],"iteration":14,"passed_time":0.6725545437,"remaining_time":44.16441503},
{"learn":[0.911565086],"iteration":15,"passed_time":0.7061268057,"remaining_time":43.42679855},
{"learn":[0.9042765466],"iteration":16,"passed_time":0.7389919388,"remaining_time":42.73112211},
{"learn":[0.897146538],"iteration":17,"passed_time":0.7718658897,"remaining_time":42.10957242},
{"learn":[0.8865779135],"iteration":18,"passed_time":0.8052326261,"remaining_time":41.57543191},
{"learn":[0.8774175107],"iteration":19,"passed_time":0.8373949148,"remaining_time":41.03235083},
{"learn":[0.8695509457],"iteration":20,"passed_time":0.8713280084,"remaining_time":40.62048191},
{"learn":[0.859832984],"iteration":21,"passed_time":0.9043975635,"remaining_time":40.20458259},
{"learn":[0.849871193],"iteration":22,"passed_time":0.9370004456,"remaining_time":39.80214936},
{"learn":[0.8413595141],"iteration":23,"passed_time":0.9695452587,"remaining_time":39.42817385},
{"learn":[0.8360502915],"iteration":24,"passed_time":1.003484203,"remaining_time":39.13588391},
{"learn":[0.8286765273],"iteration":25,"passed_time":1.039744752,"remaining_time":38.950438},
{"learn":[0.8184316179],"iteration":26,"passed_time":1.076433179,"remaining_time":38.79146234},
{"learn":[0.8066591977],"iteration":27,"passed_time":1.110567989,"remaining_time":38.55257448},
{"learn":[0.7978485133],"iteration":28,"passed_time":1.142921962,"remaining_time":38.26818019},
{"learn":[0.7912128577],"iteration":29,"passed_time":1.176458924,"remaining_time":38.03883855},
{"learn":[0.7863246605],"iteration":30,"passed_time":1.209138629,"remaining_time":37.79533328},
{"learn":[0.7759520508],"iteration":31,"passed_time":1.242564534,"remaining_time":37.58757716},
{"learn":[0.7707631592],"iteration":32,"passed_time":1.275622148,"remaining_time":37.37959445},
{"learn":[0.7629163335],"iteration":33,"passed_time":1.311153389,"remaining_time":37.25218157},
{"learn":[0.7573208234],"iteration":34,"passed_time":1.343996155,"remaining_time":37.055894},
{"learn":[0.7491850277],"iteration":35,"passed_time":1.376671378,"remaining_time":36.86420023},
{"learn":[0.7425442402],"iteration":36,"passed_time":1.410296106,"remaining_time":36.70581488},
{"learn":[0.7350510042],"iteration":37,"passed_time":1.443749834,"remaining_time":36.54966686},
{"learn":[0.7288573265],"iteration":38,"passed_time":1.477738149,"remaining_time":36.41298363},
{"learn":[0.7244380128],"iteration":39,"passed_time":1.511216843,"remaining_time":36.26920424},
{"learn":[0.7181094202],"iteration":40,"passed_time":1.547212312,"remaining_time":36.18967336},
{"learn":[0.7129584154],"iteration":41,"passed_time":1.580705428,"remaining_time":36.05513809},
{"learn":[0.705960392],"iteration":42,"passed_time":1.615013705,"remaining_time":35.94344454},
{"learn":[0.6990366411],"iteration":43,"passed_time":1.64832864,"remaining_time":35.8136859},
{"learn":[0.694889053],"iteration":44,"passed_time":1.681748595,"remaining_time":35.69044241},
{"learn":[0.6905900929],"iteration":45,"passed_time":1.715663784,"remaining_time":35.581375},
{"learn":[0.6848292337],"iteration":46,"passed_time":1.748556839,"remaining_time":35.45478015},
{"learn":[0.6787361922],"iteration":47,"passed_time":1.781914424,"remaining_time":35.34130274},
{"learn":[0.6708769068],"iteration":48,"passed_time":1.814902411,"remaining_time":35.2239223},
{"learn":[0.6654672311],"iteration":49,"passed_time":1.849183034,"remaining_time":35.13447764},
{"learn":[0.6607753934],"iteration":50,"passed_time":1.882903878,"remaining_time":35.03678001},
{"learn":[0.6542658084],"iteration":51,"passed_time":1.91565774,"remaining_time":34.92391417},
{"learn":[0.6511455162],"iteration":52,"passed_time":1.949153675,"remaining_time":34.82733076},
{"learn":[0.6445472529],"iteration":53,"passed_time":1.982949,"remaining_time":34.73832877},
{"learn":[0.6394721913],"iteration":54,"passed_time":2.015999592,"remaining_time":34.63853845},
{"learn":[0.6336578596],"iteration":55,"passed_time":2.050155296,"remaining_time":34.55976071},
{"learn":[0.6282725582],"iteration":56,"passed_time":2.087060911,"remaining_time":34.52804279},
{"learn":[0.6240961505],"iteration":57,"passed_time":2.127029529,"remaining_time":34.54589338},
{"learn":[0.6160295619],"iteration":58,"passed_time":2.168649334,"remaining_time":34.58811903},
{"learn":[0.6129266931],"iteration":59,"passed_time":2.214139499,"remaining_time":34.68818548},
{"learn":[0.607669479],"iteration":60,"passed_time":2.261287037,"remaining_time":34.80899225},
{"learn":[0.6027367309],"iteration":61,"passed_time":2.309992407,"remaining_time":34.94794964},
{"learn":[0.5967415826],"iteration":62,"passed_time":2.359455022,"remaining_time":35.092212},
{"learn":[0.5908196321],"iteration":63,"passed_time":2.410997025,"remaining_time":35.26083149},
{"learn":[0.5840874838],"iteration":64,"passed_time":2.463310348,"remaining_time":35.43377193},
{"learn":[0.577785817],"iteration":65,"passed_time":2.515764816,"remaining_time":35.60188392},
{"learn":[0.5719475703],"iteration":66,"passed_time":2.568209288,"remaining_time":35.76327262},
{"learn":[0.5664987223],"iteration":67,"passed_time":2.619141098,"remaining_time":35.89763975},
{"learn":[0.5595183099],"iteration":68,"passed_time":2.669562736,"remaining_time":36.01975228},
{"learn":[0.5541766088],"iteration":69,"passed_time":2.720406981,"remaining_time":36.14254989},
{"learn":[0.5485659243],"iteration":70,"passed_time":2.769849037,"remaining_time":36.24210923},
{"learn":[0.54251651],"iteration":71,"passed_time":2.820153802,"remaining_time":36.34864901},
{"learn":[0.5390273867],"iteration":72,"passed_time":2.871775266,"remaining_time":36.46761194},
{"learn":[0.5337124673],"iteration":73,"passed_time":2.923532507,"remaining_time":36.58366354},
{"learn":[0.5271335878],"iteration":74,"passed_time":2.975538012,"remaining_time":36.69830214},
{"learn":[0.5209476151],"iteration":75,"passed_time":3.057947001,"remaining_time":37.17819775},
{"learn":[0.5163226516],"iteration":76,"passed_time":3.133345956,"remaining_time":37.55945867},
{"learn":[0.5118664545],"iteration":77,"passed_time":3.187907565,"remaining_time":37.68270224},
{"learn":[0.504591261],"iteration":78,"passed_time":3.241960869,"remaining_time":37.79551849},
{"learn":[0.5001643491],"iteration":79,"passed_time":3.294429717,"remaining_time":37.88594174},
{"learn":[0.4943573886],"iteration":80,"passed_time":3.348100178,"remaining_time":37.98646993},
{"learn":[0.4903514048],"iteration":81,"passed_time":3.403545207,"remaining_time":38.10310366},
{"learn":[0.4855714645],"iteration":82,"passed_time":3.455884148,"remaining_time":38.18127426},
{"learn":[0.4821817203],"iteration":83,"passed_time":3.507888627,"remaining_time":38.25269026},
{"learn":[0.4779398243],"iteration":84,"passed_time":3.560583717,"remaining_time":38.32863649},
{"learn":[0.4715746929],"iteration":85,"passed_time":3.613538193,"remaining_time":38.40434777},
{"learn":[0.4661566723],"iteration":86,"passed_time":3.666700802,"remaining_time":38.47928543},
{"learn":[0.4616111098],"iteration":87,"passed_time":3.719749216,"remaining_time":38.55012824},
{"learn":[0.4598626133],"iteration":88,"passed_time":3.773457101,"remaining_time":38.62493729},
{"learn":[0.454953941],"iteration":89,"passed_time":3.829848611,"remaining_time":38.72402485},
{"learn":[0.4514355755],"iteration":90,"passed_time":3.881986917,"remaining_time":38.77720998},
{"learn":[0.4473084134],"iteration":91,"passed_time":3.937639896,"remaining_time":38.86279376},
{"learn":[0.4430755179],"iteration":92,"passed_time":3.990272549,"remaining_time":38.91588389},
{"learn":[0.439146003],"iteration":93,"passed_time":4.045310316,"remaining_time":38.98990581},
{"learn":[0.4343122879],"iteration":94,"passed_time":4.099027179,"remaining_time":39.04862733},
{"learn":[0.4306607959],"iteration":95,"passed_time":4.153622563,"remaining_time":39.11327914},
{"learn":[0.4274207556],"iteration":96,"passed_time":4.213136225,"remaining_time":39.22125785},
{"learn":[0.4237902485],"iteration":97,"passed_time":4.267666248,"remaining_time":39.27994852},
{"learn":[0.4175370575],"iteration":98,"passed_time":4.327858683,"remaining_time":39.38788559},
{"learn":[0.4138318385],"iteration":99,"passed_time":4.38208157,"remaining_time":39.43873413},
{"learn":[0.4085703214],"iteration":100,"passed_time":4.436981101,"remaining_time":39.49352485},
{"learn":[0.4033928953],"iteration":101,"passed_time":4.50246396,"remaining_time":39.63933957},
{"learn":[0.3991551253],"iteration":102,"passed_time":4.56582443,"remaining_time":39.76256809},
{"learn":[0.3958292222],"iteration":103,"passed_time":4.626558769,"remaining_time":39.85958324},
{"learn":[0.390808474],"iteration":104,"passed_time":4.686270003,"remaining_time":39.94487288},
{"learn":[0.3865648717],"iteration":105,"passed_time":4.741709515,"remaining_time":39.99139911},
{"learn":[0.3832408171],"iteration":106,"passed_time":4.799595138,"remaining_time":40.05643419},
{"learn":[0.3786677529],"iteration":107,"passed_time":4.856742374,"remaining_time":40.11309443},
{"learn":[0.3769681355],"iteration":108,"passed_time":4.912248129,"remaining_time":40.15424847},
{"learn":[0.3748537642],"iteration":109,"passed_time":4.96853747,"remaining_time":40.19998499},
{"learn":[0.3712059549],"iteration":110,"passed_time":5.023873575,"remaining_time":40.23624872},
{"learn":[0.368110481],"iteration":111,"passed_time":5.080699468,"remaining_time":40.28268864},
{"learn":[0.365211385],"iteration":112,"passed_time":5.133894705,"remaining_time":40.2988018},
{"learn":[0.3613880373],"iteration":113,"passed_time":5.187249217,"remaining_time":40.31493689},
{"learn":[0.3585315419],"iteration":114,"passed_time":5.240397763,"remaining_time":40.32827843},
{"learn":[0.3565453773],"iteration":115,"passed_time":5.29376423,"remaining_time":40.34213431},
{"learn":[0.3530857425],"iteration":116,"passed_time":5.345201594,"remaining_time":40.34028212},
{"learn":[0.3471693348],"iteration":117,"passed_time":5.397979839,"remaining_time":40.34761202},
{"learn":[0.3427346625],"iteration":118,"passed_time":5.450984841,"remaining_time":40.35561046},
{"learn":[0.3392883983],"iteration":119,"passed_time":5.504905087,"remaining_time":40.36930397},
{"learn":[0.3361580449],"iteration":120,"passed_time":5.560326933,"remaining_time":40.39278822},
{"learn":[0.3333336966],"iteration":121,"passed_time":5.61530859,"remaining_time":40.411811},
{"learn":[0.3306992364],"iteration":122,"passed_time":5.669222421,"remaining_time":40.42201677},
{"learn":[0.3268157543],"iteration":123,"passed_time":5.722688872,"remaining_time":40.42802784},
{"learn":[0.324554828],"iteration":124,"passed_time":5.778685508,"remaining_time":40.45079856},
{"learn":[0.3213063587],"iteration":125,"passed_time":5.835796948,"remaining_time":40.48005185},
{"learn":[0.3177896189],"iteration":126,"passed_time":5.890638698,"remaining_time":40.49234317},
{"learn":[0.3147809135],"iteration":127,"passed_time":5.950342142,"remaining_time":40.53670584},
{"learn":[0.3125305644],"iteration":128,"passed_time":6.004833981,"remaining_time":40.54426665},
{"learn":[0.3096398031],"iteration":129,"passed_time":6.058597729,"remaining_time":40.54600019},
{"learn":[0.3075705411],"iteration":130,"passed_time":6.110696033,"remaining_time":40.53583857},
{"learn":[0.3046043527],"iteration":131,"passed_time":6.167338448,"remaining_time":40.55492252},
{"learn":[0.3024487528],"iteration":132,"passed_time":6.221248626,"remaining_time":40.55505683},
{"learn":[0.2998445361],"iteration":133,"passed_time":6.274067724,"remaining_time":40.5473332},
{"learn":[0.2972791518],"iteration":134,"passed_time":6.327574794,"remaining_time":40.5433496},
{"learn":[0.2946709656],"iteration":135,"passed_time":6.381561772,"remaining_time":40.54168655},
{"learn":[0.2936442136],"iteration":136,"passed_time":6.434067052,"remaining_time":40.52992603},
{"learn":[0.2907635814],"iteration":137,"passed_time":6.486428084,"remaining_time":40.51667397},
{"learn":[0.2886978824],"iteration":138,"passed_time":6.539133142,"remaining_time":40.50499018},
{"learn":[0.2869830317],"iteration":139,"passed_time":6.590608259,"remaining_time":40.48516502},
{"learn":[0.2843702159],"iteration":140,"passed_time":6.64281586,"remaining_time":40.46935336},
{"learn":[0.2814873744],"iteration":141,"passed_time":6.69595811,"remaining_time":40.45867647},
{"learn":[0.278435823],"iteration":142,"passed_time":6.749961525,"remaining_time":40.45256662},
{"learn":[0.2755475986],"iteration":143,"passed_time":6.801848192,"remaining_time":40.4332087},
{"learn":[0.2729429905],"iteration":144,"passed_time":6.853133857,"remaining_time":40.40985826},
{"learn":[0.2714919268],"iteration":145,"passed_time":6.904299685,"remaining_time":40.38542418},
{"learn":[0.2702107797],"iteration":146,"passed_time":6.957457766,"remaining_time":40.3721869},
{"learn":[0.2685724028],"iteration":147,"passed_time":7.009546569,"remaining_time":40.35225457},
{"learn":[0.2668476325],"iteration":148,"passed_time":7.063993613,"remaining_time":40.34535949},
{"learn":[0.2646310097],"iteration":149,"passed_time":7.117381398,"remaining_time":40.33182792},
{"learn":[0.2636027617],"iteration":150,"passed_time":7.167947105,"remaining_time":40.30190127},
{"learn":[0.2609516078],"iteration":151,"passed_time":7.220158126,"remaining_time":40.28088217},
{"learn":[0.2594130015],"iteration":152,"passed_time":7.272461296,"remaining_time":40.25996548},
{"learn":[0.2587949025],"iteration":153,"passed_time":7.321995064,"remaining_time":40.22342743},
{"learn":[0.2563261789],"iteration":154,"passed_time":7.372217182,"remaining_time":40.19047432},
{"learn":[0.252945237],"iteration":155,"passed_time":7.423372517,"remaining_time":40.16234875},
{"learn":[0.2511768439],"iteration":156,"passed_time":7.475522435,"remaining_time":40.13927015},
{"learn":[0.248750922],"iteration":157,"passed_time":7.528021866,"remaining_time":40.11768615},
{"learn":[0.2475003702],"iteration":158,"passed_time":7.578946246,"remaining_time":40.08738235},
{"learn":[0.2455954889],"iteration":159,"passed_time":7.632429085,"remaining_time":40.0702527},
{"learn":[0.2442331789],"iteration":160,"passed_time":7.683612274,"remaining_time":40.04068756},
{"learn":[0.2429878886],"iteration":161,"passed_time":7.737303863,"remaining_time":40.02383109},
{"learn":[0.2409272434],"iteration":162,"passed_time":7.787985856,"remaining_time":39.99106848},
{"learn":[0.23963301],"iteration":163,"passed_time":7.838764547,"remaining_time":39.95858025},
{"learn":[0.2380336124],"iteration":164,"passed_time":7.887165517,"remaining_time":39.91383762},
{"learn":[0.2357261835],"iteration":165,"passed_time":7.938579882,"remaining_time":39.88419049},
{"learn":[0.2341052763],"iteration":166,"passed_time":7.990626254,"remaining_time":39.85743515},
{"learn":[0.233254111],"iteration":167,"passed_time":8.042789273,"remaining_time":39.8309564},
{"learn":[0.2308928118],"iteration":168,"passed_time":8.093821319,"remaining_time":39.79861252},
{"learn":[0.2288206861],"iteration":169,"passed_time":8.145193989,"remaining_time":39.76771183},
{"learn":[0.2267787217],"iteration":170,"passed_time":8.196458703,"remaining_time":39.73604833},
{"learn":[0.2247442588],"iteration":171,"passed_time":8.248215394,"remaining_time":39.70652527},
{"learn":[0.222699815],"iteration":172,"passed_time":8.299347108,"remaining_time":39.67375756},
{"learn":[0.2206173268],"iteration":173,"passed_time":8.351068659,"remaining_time":39.6435788},
{"learn":[0.2191041085],"iteration":174,"passed_time":8.402475203,"remaining_time":39.61166882},
{"learn":[0.2175561888],"iteration":175,"passed_time":8.457054401,"remaining_time":39.59439106},
{"learn":[0.2157882429],"iteration":176,"passed_time":8.509958176,"remaining_time":39.56890157},
{"learn":[0.2143540196],"iteration":177,"passed_time":8.560119867,"remaining_time":39.53044118},
{"learn":[0.212904885],"iteration":178,"passed_time":8.610548591,"remaining_time":39.49307482},
{"learn":[0.210983719],"iteration":179,"passed_time":8.662261395,"remaining_time":39.46141302},
{"learn":[0.2093194727],"iteration":180,"passed_time":8.712177265,"remaining_time":39.42139878},
{"learn":[0.2071288912],"iteration":181,"passed_time":8.764276665,"remaining_time":39.39108963},
{"learn":[0.2057095955],"iteration":182,"passed_time":8.815537017,"remaining_time":39.35679641},
{"learn":[0.2043431351],"iteration":183,"passed_time":8.865906436,"remaining_time":39.31836767},
{"learn":[0.2027593659],"iteration":184,"passed_time":8.91843761,"remaining_time":39.28933326},
{"learn":[0.2016591689],"iteration":185,"passed_time":8.970794526,"remaining_time":39.25928357},
{"learn":[0.1999669366],"iteration":186,"passed_time":9.025295152,"remaining_time":39.23831529},
{"learn":[0.1985742656],"iteration":187,"passed_time":9.077142443,"remaining_time":39.20553013},
{"learn":[0.1969885514],"iteration":188,"passed_time":9.12909212,"remaining_time":39.17298259},
{"learn":[0.1957201978],"iteration":189,"passed_time":9.185736938,"remaining_time":39.16024695},
{"learn":[0.1942718774],"iteration":190,"passed_time":9.243469829,"remaining_time":39.15166017},
{"learn":[0.193180238],"iteration":191,"passed_time":9.304674636,"remaining_time":39.15717243},
{"learn":[0.1922137712],"iteration":192,"passed_time":9.356139364,"remaining_time":39.12126667},
{"learn":[0.1908755199],"iteration":193,"passed_time":9.410494665,"remaining_time":39.09720979},
{"learn":[0.189349605],"iteration":194,"passed_time":9.461517165,"remaining_time":39.05908368},
{"learn":[0.1879275211],"iteration":195,"passed_time":9.514209903,"remaining_time":39.02767736},
{"learn":[0.1869393961],"iteration":196,"passed_time":9.567207955,"remaining_time":38.99729943},
{"learn":[0.1859710196],"iteration":197,"passed_time":9.619215491,"remaining_time":38.96268093},
{"learn":[0.1849178304],"iteration":198,"passed_time":9.669645055,"remaining_time":38.92153613},
{"learn":[0.1831615695],"iteration":199,"passed_time":9.719876272,"remaining_time":38.87950509},
{"learn":[0.1821769727],"iteration":200,"passed_time":9.776217566,"remaining_time":38.86168077},
{"learn":[0.1809317086],"iteration":201,"passed_time":9.828564623,"remaining_time":38.82769589},
{"learn":[0.1803157317],"iteration":202,"passed_time":9.883370359,"remaining_time":38.80318313},
{"learn":[0.1786271949],"iteration":203,"passed_time":9.937530717,"remaining_time":38.77585515},
{"learn":[0.1773708288],"iteration":204,"passed_time":9.992361146,"remaining_time":38.75086396},
{"learn":[0.1761697793],"iteration":205,"passed_time":10.05329343,"remaining_time":38.74910187},
{"learn":[0.1752236281],"iteration":206,"passed_time":10.10458034,"remaining_time":38.70981742},
{"learn":[0.1744296696],"iteration":207,"passed_time":10.1592956,"remaining_time":38.68347172},
{"learn":[0.1733627511],"iteration":208,"passed_time":10.21769622,"remaining_time":38.67080243},
{"learn":[0.1729572605],"iteration":209,"passed_time":10.27154533,"remaining_time":38.6405753},
{"learn":[0.1716358574],"iteration":210,"passed_time":10.32187686,"remaining_time":38.59697081},
{"learn":[0.1711425137],"iteration":211,"passed_time":10.37452326,"remaining_time":38.56190722},
{"learn":[0.1697839833],"iteration":212,"passed_time":10.42874952,"remaining_time":38.53251583},
{"learn":[0.1689294233],"iteration":213,"passed_time":10.48169055,"remaining_time":38.49817185},
{"learn":[0.1674964413],"iteration":214,"passed_time":10.5326864,"remaining_time":38.45655268},
{"learn":[0.1669826529],"iteration":215,"passed_time":10.58372317,"remaining_time":38.41499519},
{"learn":[0.1661029357],"iteration":216,"passed_time":10.63869832,"remaining_time":38.38756123},
{"learn":[0.1654868802],"iteration":217,"passed_time":10.69398225,"remaining_time":38.3609822},
{"learn":[0.1642338368],"iteration":218,"passed_time":10.74757105,"remaining_time":38.32809584},
{"learn":[0.163132321],"iteration":219,"passed_time":10.80142352,"remaining_time":38.2959561},
{"learn":[0.1618694371],"iteration":220,"passed_time":10.8535752,"remaining_time":38.25762478},
{"learn":[0.1610625897],"iteration":221,"passed_time":10.9076492,"remaining_time":38.22590575},
{"learn":[0.1600145676],"iteration":222,"passed_time":10.95919812,"remaining_time":38.18518809},
{"learn":[0.1594142081],"iteration":223,"passed_time":11.01203708,"remaining_time":38.14884275},
{"learn":[0.1586534323],"iteration":224,"passed_time":11.06999552,"remaining_time":38.12998457},
{"learn":[0.1576587475],"iteration":225,"passed_time":11.12552426,"remaining_time":38.10245919},
{"learn":[0.1565802108],"iteration":226,"passed_time":11.1783976,"remaining_time":38.0656447},
{"learn":[0.1552721446],"iteration":227,"passed_time":11.23201666,"remaining_time":38.03121432},
{"learn":[0.1546329911],"iteration":228,"passed_time":11.28550767,"remaining_time":37.99618521},
{"learn":[0.1539562477],"iteration":229,"passed_time":11.33775061,"remaining_time":37.95681726},
{"learn":[0.1532296303],"iteration":230,"passed_time":11.39002418,"remaining_time":37.91743979},
{"learn":[0.152523398],"iteration":231,"passed_time":11.44603709,"remaining_time":37.89032968},
{"learn":[0.1515385255],"iteration":232,"passed_time":11.5026761,"remaining_time":37.8650325},
{"learn":[0.1501056264],"iteration":233,"passed_time":11.55514466,"remaining_time":37.82581544},
{"learn":[0.1491554751],"iteration":234,"passed_time":11.61130142,"remaining_time":37.79849186},
{"learn":[0.1483513245],"iteration":235,"passed_time":11.66336105,"remaining_time":37.75766035},
{"learn":[0.1479324905],"iteration":236,"passed_time":11.71500601,"remaining_time":37.7153991},
{"learn":[0.1468478993],"iteration":237,"passed_time":11.7669498,"remaining_time":37.67401575},
{"learn":[0.1463229845],"iteration":238,"passed_time":11.81890724,"remaining_time":37.6325875},
{"learn":[0.1455590325],"iteration":239,"passed_time":11.87004398,"remaining_time":37.58847261},
{"learn":[0.1447462152],"iteration":240,"passed_time":11.92102767,"remaining_time":37.54381744},
{"learn":[0.1439107435],"iteration":241,"passed_time":11.9730518,"remaining_time":37.50236887},
{"learn":[0.1431562919],"iteration":242,"passed_time":12.03191112,"remaining_time":37.48212641},
{"learn":[0.142353008],"iteration":243,"passed_time":12.08465977,"remaining_time":37.44263438},
{"learn":[0.1417704074],"iteration":244,"passed_time":12.13872347,"remaining_time":37.40708661},
{"learn":[0.1408682239],"iteration":245,"passed_time":12.19260785,"remaining_time":37.3708387},
{"learn":[0.1401079636],"iteration":246,"passed_time":12.24439306,"remaining_time":37.32804847},
{"learn":[0.1395823526],"iteration":247,"passed_time":12.2981353,"remaining_time":37.29111995},
{"learn":[0.1385183845],"iteration":248,"passed_time":12.34683646,"remaining_time":37.23885212},
{"learn":[0.1380328372],"iteration":249,"passed_time":12.39714627,"remaining_time":37.19143881},
{"learn":[0.1370303215],"iteration":250,"passed_time":12.44803832,"remaining_time":37.14573984},
{"learn":[0.1360401089],"iteration":251,"passed_time":12.49958297,"remaining_time":37.10193676},
{"learn":[0.1348944788],"iteration":252,"passed_time":12.55016503,"remaining_time":37.05523033},
{"learn":[0.1341143834],"iteration":253,"passed_time":12.60077064,"remaining_time":37.00856258},
{"learn":[0.1333500644],"iteration":254,"passed_time":12.65033751,"remaining_time":36.95882918},
{"learn":[0.1324395581],"iteration":255,"passed_time":12.70098553,"remaining_time":36.91223918},
{"learn":[0.1318319226],"iteration":256,"passed_time":12.75291908,"remaining_time":36.86933416},
{"learn":[0.1310313288],"iteration":257,"passed_time":12.80212069,"remaining_time":36.81850215},
{"learn":[0.1299474359],"iteration":258,"passed_time":12.85232767,"remaining_time":36.77055909},
{"learn":[0.1292394261],"iteration":259,"passed_time":12.90231972,"remaining_time":36.7219869},
{"learn":[0.1287517471],"iteration":260,"passed_time":12.95246592,"remaining_time":36.6738403},
{"learn":[0.1280636897],"iteration":261,"passed_time":13.00388179,"remaining_time":36.62925482},
{"learn":[0.1270421927],"iteration":262,"passed_time":13.05527816,"remaining_time":36.58456274},
{"learn":[0.1264540904],"iteration":263,"passed_time":13.1067966,"remaining_time":36.54016021},
{"learn":[0.1254883449],"iteration":264,"passed_time":13.16029,"remaining_time":36.50118171},
{"learn":[0.1250533834],"iteration":265,"passed_time":13.21054652,"remaining_time":36.45316221},
{"learn":[0.1242751935],"iteration":266,"passed_time":13.26241879,"remaining_time":36.4095617},
{"learn":[0.1234806285],"iteration":267,"passed_time":13.31182418,"remaining_time":36.35916158},
{"learn":[0.1229719616],"iteration":268,"passed_time":13.36255431,"remaining_time":36.31236877},
{"learn":[0.1223498442],"iteration":269,"passed_time":13.41166247,"remaining_time":36.2611615},
{"learn":[0.1218879202],"iteration":270,"passed_time":13.46359342,"remaining_time":36.21756312},
{"learn":[0.1214691346],"iteration":271,"passed_time":13.51331694,"remaining_time":36.16799534},
{"learn":[0.1206263253],"iteration":272,"passed_time":13.56291828,"remaining_time":36.11810106},
{"learn":[0.119814824],"iteration":273,"passed_time":13.61445873,"remaining_time":36.07334685},
{"learn":[0.1190569259],"iteration":274,"passed_time":13.66400988,"remaining_time":36.02329878},
{"learn":[0.1187624465],"iteration":275,"passed_time":13.71336585,"remaining_time":35.97274231},
{"learn":[0.1179662037],"iteration":276,"passed_time":13.76707456,"remaining_time":35.93355563},
{"learn":[0.1171785833],"iteration":277,"passed_time":13.81759799,"remaining_time":35.88599189},
{"learn":[0.1165854524],"iteration":278,"passed_time":13.86847999,"remaining_time":35.83933361},
{"learn":[0.1158153079],"iteration":279,"passed_time":13.91985937,"remaining_time":35.79392408},
{"learn":[0.1155493698],"iteration":280,"passed_time":13.9703929,"remaining_time":35.74630781},
{"learn":[0.1149049374],"iteration":281,"passed_time":14.02141819,"remaining_time":35.6999229},
{"learn":[0.1142234899],"iteration":282,"passed_time":14.07173434,"remaining_time":35.65170855},
{"learn":[0.1136710607],"iteration":283,"passed_time":14.12647987,"remaining_time":35.61464644},
{"learn":[0.1131566325],"iteration":284,"passed_time":14.17800274,"remaining_time":35.56937529},
{"learn":[0.1122541323],"iteration":285,"passed_time":14.23015187,"remaining_time":35.5256239},
{"learn":[0.111891113],"iteration":286,"passed_time":14.27963344,"remaining_time":35.47518691},
{"learn":[0.1111955233],"iteration":287,"passed_time":14.33093191,"remaining_time":35.42924832},
{"learn":[0.1107008697],"iteration":288,"passed_time":14.38161836,"remaining_time":35.38176696},
{"learn":[0.1100419693],"iteration":289,"passed_time":14.43321528,"remaining_time":35.33649258},
{"learn":[0.1098488715],"iteration":290,"passed_time":14.48258899,"remaining_time":35.28575805},
{"learn":[0.1095886265],"iteration":291,"passed_time":14.53338053,"remaining_time":35.23847059},
{"learn":[0.1092197016],"iteration":292,"passed_time":14.58220808,"remaining_time":35.18642018},
{"learn":[0.1086421188],"iteration":293,"passed_time":14.63141927,"remaining_time":35.13531295},
{"learn":[0.1079815837],"iteration":294,"passed_time":14.68186953,"remaining_time":35.08717972},
{"learn":[0.1075131193],"iteration":295,"passed_time":14.73386047,"remaining_time":35.04269518},
{"learn":[0.106857727],"iteration":296,"passed_time":14.78472851,"remaining_time":34.99550216},
{"learn":[0.1062847797],"iteration":297,"passed_time":14.83456062,"remaining_time":34.94584416},
{"learn":[0.1051757386],"iteration":298,"passed_time":14.8863121,"remaining_time":34.9006849},
{"learn":[0.1046892683],"iteration":299,"passed_time":14.9355103,"remaining_time":34.84952403},
{"learn":[0.1041809417],"iteration":300,"passed_time":14.98563191,"remaining_time":34.80052062},
{"learn":[0.1036934043],"iteration":301,"passed_time":15.0355276,"remaining_time":34.75098763},
{"learn":[0.1033073554],"iteration":302,"passed_time":15.08588931,"remaining_time":34.70252425},
{"learn":[0.103010157],"iteration":303,"passed_time":15.13663403,"remaining_time":34.65492527},
{"learn":[0.1024934207],"iteration":304,"passed_time":15.18783122,"remaining_time":34.60833672},
{"learn":[0.1021066835],"iteration":305,"passed_time":15.23865908,"remaining_time":34.56088041},
{"learn":[0.1019342422],"iteration":306,"passed_time":15.29240454,"remaining_time":34.51998811},
{"learn":[0.1014727952],"iteration":307,"passed_time":15.34362021,"remaining_time":34.47332853},
{"learn":[0.1009655816],"iteration":308,"passed_time":15.39719132,"remaining_time":34.43190679},
{"learn":[0.1005182718],"iteration":309,"passed_time":15.45154828,"remaining_time":34.39215585},
{"learn":[0.1000159375],"iteration":310,"passed_time":15.50422398,"remaining_time":34.34858625},
{"learn":[0.09966888415],"iteration":311,"passed_time":15.55546492,"remaining_time":34.30179445},
{"learn":[0.09919947459],"iteration":312,"passed_time":15.60885027,"remaining_time":34.25968095},
{"learn":[0.09854559862],"iteration":313,"passed_time":15.66090757,"remaining_time":34.21459424},
{"learn":[0.09814622594],"iteration":314,"passed_time":15.71483313,"remaining_time":34.173526},
{"learn":[0.09752662801],"iteration":315,"passed_time":15.76549316,"remaining_time":34.12530799},
{"learn":[0.09711560428],"iteration":316,"passed_time":15.81743859,"remaining_time":34.07984404},
{"learn":[0.09691541887],"iteration":317,"passed_time":15.86766812,"remaining_time":34.03065931},
{"learn":[0.09649896391],"iteration":318,"passed_time":15.91716576,"remaining_time":33.9799056},
{"learn":[0.09567633862],"iteration":319,"passed_time":15.96701582,"remaining_time":33.92990861},
{"learn":[0.0953498134],"iteration":320,"passed_time":16.01975883,"remaining_time":33.88603191},
{"learn":[0.0950081513],"iteration":321,"passed_time":16.07211436,"remaining_time":33.84128427},
{"learn":[0.09447433025],"iteration":322,"passed_time":16.12710008,"remaining_time":33.80200234},
{"learn":[0.09393859297],"iteration":323,"passed_time":16.17713715,"remaining_time":33.75229849},
{"learn":[0.09352377188],"iteration":324,"passed_time":16.22745885,"remaining_time":33.70318377},
{"learn":[0.09333016954],"iteration":325,"passed_time":16.27878417,"remaining_time":33.65613659},
{"learn":[0.09294302108],"iteration":326,"passed_time":16.33001276,"remaining_time":33.60886417},
{"learn":[0.09234563677],"iteration":327,"passed_time":16.38164697,"remaining_time":33.56239867},
{"learn":[0.09191585313],"iteration":328,"passed_time":16.43096261,"remaining_time":33.51117298},
{"learn":[0.09158545469],"iteration":329,"passed_time":16.48091483,"remaining_time":33.46125132},
{"learn":[0.09111098991],"iteration":330,"passed_time":16.53178041,"remaining_time":33.41317551},
{"learn":[0.09063616332],"iteration":331,"passed_time":16.58247617,"remaining_time":33.36474121},
{"learn":[0.0903893933],"iteration":332,"passed_time":16.63198105,"remaining_time":33.31390798},
{"learn":[0.08999655809],"iteration":333,"passed_time":16.68482695,"remaining_time":33.26974475},
{"learn":[0.08967395009],"iteration":334,"passed_time":16.73752989,"remaining_time":33.22524589},
{"learn":[0.08945643711],"iteration":335,"passed_time":16.78789998,"remaining_time":33.17608805},
{"learn":[0.08895573841],"iteration":336,"passed_time":16.8411981,"remaining_time":33.1326835},
{"learn":[0.08861360842],"iteration":337,"passed_time":16.89347843,"remaining_time":33.08722699},
{"learn":[0.08841656403],"iteration":338,"passed_time":16.94629343,"remaining_time":33.04277273},
{"learn":[0.08793497912],"iteration":339,"passed_time":16.99556257,"remaining_time":32.99138617},
{"learn":[0.08760188447],"iteration":340,"passed_time":17.04762853,"remaining_time":32.94541702},
{"learn":[0.08723329534],"iteration":341,"passed_time":17.0984987,"remaining_time":32.89711153},
{"learn":[0.08681078575],"iteration":342,"passed_time":17.14970639,"remaining_time":32.84943761},
{"learn":[0.0864834102],"iteration":343,"passed_time":17.19954461,"remaining_time":32.79913159},
{"learn":[0.08601098322],"iteration":344,"passed_time":17.25135689,"remaining_time":32.75257612},
{"learn":[0.08565343708],"iteration":345,"passed_time":17.30035094,"remaining_time":32.70066335},
{"learn":[0.08529721346],"iteration":346,"passed_time":17.35179227,"remaining_time":32.65337278},
{"learn":[0.08515490255],"iteration":347,"passed_time":17.40136488,"remaining_time":32.60255718},
{"learn":[0.0847948011],"iteration":348,"passed_time":17.4528956,"remaining_time":32.55540126},
{"learn":[0.08465844928],"iteration":349,"passed_time":17.50295666,"remaining_time":32.50549095},
{"learn":[0.08433666703],"iteration":350,"passed_time":17.55307593,"remaining_time":32.45568741},
{"learn":[0.08415012001],"iteration":351,"passed_time":17.6037796,"remaining_time":32.40695791},
{"learn":[0.08392223779],"iteration":352,"passed_time":17.65277732,"remaining_time":32.35509044},
{"learn":[0.08361400065],"iteration":353,"passed_time":17.7022459,"remaining_time":32.30409845},
{"learn":[0.08318123301],"iteration":354,"passed_time":17.75337999,"remaining_time":32.2561411},
{"learn":[0.08284715949],"iteration":355,"passed_time":17.80338253,"remaining_time":32.20611895},
{"learn":[0.08240565707],"iteration":356,"passed_time":17.85392634,"remaining_time":32.15707181},
{"learn":[0.08198899178],"iteration":357,"passed_time":17.90573659,"remaining_time":32.11028741},
{"learn":[0.08185472767],"iteration":358,"passed_time":17.95503804,"remaining_time":32.0589955},
{"learn":[0.08147594292],"iteration":359,"passed_time":18.00652697,"remaining_time":32.0116035},
{"learn":[0.08112756385],"iteration":360,"passed_time":18.05870825,"remaining_time":31.96541433},
{"learn":[0.08085773699],"iteration":361,"passed_time":18.10855908,"remaining_time":31.91508479},
{"learn":[0.08040324102],"iteration":362,"passed_time":18.15924719,"remaining_time":31.86622716},
{"learn":[0.08020320894],"iteration":363,"passed_time":18.21080071,"remaining_time":31.81887157},
{"learn":[0.07973658281],"iteration":364,"passed_time":18.26081566,"remaining_time":31.76881629},
{"learn":[0.07944444718],"iteration":365,"passed_time":18.31278349,"remaining_time":31.72214408},
{"learn":[0.07924963085],"iteration":366,"passed_time":18.36654346,"remaining_time":31.6785341},
{"learn":[0.07873602944],"iteration":367,"passed_time":18.41624732,"remaining_time":31.627903},
{"learn":[0.07833523984],"iteration":368,"passed_time":18.46935389,"remaining_time":31.58309567},
{"learn":[0.07815222312],"iteration":369,"passed_time":18.5253483,"remaining_time":31.54316063},
{"learn":[0.07779016104],"iteration":370,"passed_time":18.58116528,"remaining_time":31.50283817},
{"learn":[0.07731074275],"iteration":371,"passed_time":18.63868312,"remaining_time":31.46530376},
{"learn":[0.07698743839],"iteration":372,"passed_time":18.69481462,"remaining_time":31.42533182},
{"learn":[0.07678706895],"iteration":373,"passed_time":18.7510184,"remaining_time":31.38539444},
{"learn":[0.07640380435],"iteration":374,"passed_time":18.80733416,"remaining_time":31.34555693},
{"learn":[0.07614761657],"iteration":375,"passed_time":18.86272728,"remaining_time":31.30410059},
{"learn":[0.07579111926],"iteration":376,"passed_time":18.91997735,"remaining_time":31.26563897},
{"learn":[0.07537375754],"iteration":377,"passed_time":18.97450441,"remaining_time":31.22259721},
{"learn":[0.07506784999],"iteration":378,"passed_time":19.03357137,"remaining_time":31.18693356},
{"learn":[0.07463607055],"iteration":379,"passed_time":19.08612199,"remaining_time":31.14051483},
{"learn":[0.07442881597],"iteration":380,"passed_time":19.1390027,"remaining_time":31.09460019},
{"learn":[0.07412722039],"iteration":381,"passed_time":19.18940642,"remaining_time":31.0446418},
{"learn":[0.07398926766],"iteration":382,"passed_time":19.24030021,"remaining_time":30.99547058},
{"learn":[0.07365981694],"iteration":383,"passed_time":19.29094605,"remaining_time":30.94589262},
{"learn":[0.07341086474],"iteration":384,"passed_time":19.34063049,"remaining_time":30.89477339},
{"learn":[0.07309666777],"iteration":385,"passed_time":19.40746255,"remaining_time":30.87093784},
{"learn":[0.0728311522],"iteration":386,"passed_time":19.454595,"remaining_time":30.81567632},
{"learn":[0.07266143264],"iteration":387,"passed_time":19.50091527,"remaining_time":30.75917564},
{"learn":[0.07227072277],"iteration":388,"passed_time":19.55084417,"remaining_time":30.70839534},
{"learn":[0.07211603821],"iteration":389,"passed_time":19.59962042,"remaining_time":30.65581656},
{"learn":[0.07185631111],"iteration":390,"passed_time":19.65063712,"remaining_time":30.60674681},
{"learn":[0.07155681091],"iteration":391,"passed_time":19.70490477,"remaining_time":30.56270945},
{"learn":[0.07134278648],"iteration":392,"passed_time":19.75547244,"remaining_time":30.51290526},
{"learn":[0.07110299811],"iteration":393,"passed_time":19.80936615,"remaining_time":30.4682129},
{"learn":[0.07085890749],"iteration":394,"passed_time":19.86966411,"remaining_time":30.43328301},
{"learn":[0.07068464057],"iteration":395,"passed_time":19.92135162,"remaining_time":30.38509186},
{"learn":[0.07039868362],"iteration":396,"passed_time":19.9731845,"remaining_time":30.33710391},
{"learn":[0.07021129774],"iteration":397,"passed_time":20.02393642,"remaining_time":30.28746162},
{"learn":[0.06986228235],"iteration":398,"passed_time":20.07759471,"remaining_time":30.24219153},
{"learn":[0.0694968632],"iteration":399,"passed_time":20.12700387,"remaining_time":30.1905058},
{"learn":[0.06920245769],"iteration":400,"passed_time":20.1759542,"remaining_time":30.13814605},
{"learn":[0.06898711116],"iteration":401,"passed_time":20.2269663,"remaining_time":30.08887026},
{"learn":[0.06876727247],"iteration":402,"passed_time":20.27888572,"remaining_time":30.04092997},
{"learn":[0.0684122131],"iteration":403,"passed_time":20.3299232,"remaining_time":29.99166888},
{"learn":[0.06809166029],"iteration":404,"passed_time":20.38185967,"remaining_time":29.94371976},
{"learn":[0.06775806145],"iteration":405,"passed_time":20.43572376,"remaining_time":29.89857122},
{"learn":[0.0674308651],"iteration":406,"passed_time":20.48888702,"remaining_time":29.85235874},
{"learn":[0.06727092187],"iteration":407,"passed_time":20.53719705,"remaining_time":29.79907023},
{"learn":[0.06700663373],"iteration":408,"passed_time":20.58903109,"remaining_time":29.75089822},
{"learn":[0.0666850565],"iteration":409,"passed_time":20.63700554,"remaining_time":29.69715432},
{"learn":[0.06642537055],"iteration":410,"passed_time":20.68950249,"remaining_time":29.64991963},
{"learn":[0.06610883387],"iteration":411,"passed_time":20.75436213,"remaining_time":29.62030323},
{"learn":[0.06585976584],"iteration":412,"passed_time":20.80149898,"remaining_time":29.56532664},
{"learn":[0.06556345053],"iteration":413,"passed_time":20.84908239,"remaining_time":29.51102001},
{"learn":[0.06526232226],"iteration":414,"passed_time":20.89786533,"remaining_time":29.45843667},
{"learn":[0.06509143729],"iteration":415,"passed_time":20.94723155,"remaining_time":29.40669045},
{"learn":[0.06487058762],"iteration":416,"passed_time":20.99639404,"remaining_time":29.35467081},
{"learn":[0.06462685814],"iteration":417,"passed_time":21.04635312,"remaining_time":29.30377396},
{"learn":[0.06435767776],"iteration":418,"passed_time":21.09623263,"remaining_time":29.25277125},
{"learn":[0.06421132759],"iteration":419,"passed_time":21.14576538,"remaining_time":29.20129505},
{"learn":[0.06391097285],"iteration":420,"passed_time":21.19456997,"remaining_time":29.14882663},
{"learn":[0.06359474774],"iteration":421,"passed_time":21.2447825,"remaining_time":29.09830399},
{"learn":[0.06347836914],"iteration":422,"passed_time":21.29306814,"remaining_time":29.04515441},
{"learn":[0.06328349847],"iteration":423,"passed_time":21.34184618,"remaining_time":28.9926967},
{"learn":[0.06302399252],"iteration":424,"passed_time":21.39079925,"remaining_time":28.9404931},
{"learn":[0.0628478838],"iteration":425,"passed_time":21.44260365,"remaining_time":28.8921467},
{"learn":[0.06260634935],"iteration":426,"passed_time":21.49508268,"remaining_time":28.8446894},
{"learn":[0.06242234346],"iteration":427,"passed_time":21.5463375,"remaining_time":28.79557255},
{"learn":[0.06227420989],"iteration":428,"passed_time":21.59763093,"remaining_time":28.74649711},
{"learn":[0.06214992537],"iteration":429,"passed_time":21.64787917,"remaining_time":28.69602588},
{"learn":[0.06198474654],"iteration":430,"passed_time":21.6971449,"remaining_time":28.64425858},
{"learn":[0.06170702443],"iteration":431,"passed_time":21.74775369,"remaining_time":28.59426874},
{"learn":[0.06147233791],"iteration":432,"passed_time":21.79895712,"remaining_time":28.54505471},
{"learn":[0.0612532154],"iteration":433,"passed_time":21.84891884,"remaining_time":28.49421213},
{"learn":[0.06103947445],"iteration":434,"passed_time":21.90265228,"remaining_time":28.4482725},
{"learn":[0.06078710948],"iteration":435,"passed_time":21.95484252,"remaining_time":28.40030088},
{"learn":[0.06065905489],"iteration":436,"passed_time":22.00526945,"remaining_time":28.35003822},
{"learn":[0.06048001215],"iteration":437,"passed_time":22.056228,"remaining_time":28.30045693},
{"learn":[0.06018252739],"iteration":438,"passed_time":22.10710647,"remaining_time":28.25076704},
{"learn":[0.05996886666],"iteration":439,"passed_time":22.15795252,"remaining_time":28.20103048},
{"learn":[0.05985564233],"iteration":440,"passed_time":22.20868843,"remaining_time":28.15114928},
{"learn":[0.05955359788],"iteration":441,"passed_time":22.25992324,"remaining_time":28.10189404},
{"learn":[0.05940188067],"iteration":442,"passed_time":22.30937469,"remaining_time":28.05038759},
{"learn":[0.05913748107],"iteration":443,"passed_time":22.36314134,"remaining_time":28.0042941},
{"learn":[0.05888473428],"iteration":444,"passed_time":22.41319205,"remaining_time":27.95353165},
{"learn":[0.05866614483],"iteration":445,"passed_time":22.46264246,"remaining_time":27.90202673},
{"learn":[0.05847239602],"iteration":446,"passed_time":22.51683744,"remaining_time":27.85640068},
{"learn":[0.05833598562],"iteration":447,"passed_time":22.56594744,"remaining_time":27.80447095},
{"learn":[0.05813064061],"iteration":448,"passed_time":22.61568357,"remaining_time":27.75332216},
{"learn":[0.05799083097],"iteration":449,"passed_time":22.66409042,"remaining_time":27.70055495},
{"learn":[0.05776870799],"iteration":450,"passed_time":22.71555018,"remaining_time":27.65152339},
{"learn":[0.05750905427],"iteration":451,"passed_time":22.7676088,"remaining_time":27.60320713},
{"learn":[0.05740079727],"iteration":452,"passed_time":22.8180226,"remaining_time":27.55288821},
{"learn":[0.05721962546],"iteration":453,"passed_time":22.86822943,"remaining_time":27.50231998},
{"learn":[0.05691562869],"iteration":454,"passed_time":22.91811478,"remaining_time":27.45136825},
{"learn":[0.05668223412],"iteration":455,"passed_time":22.96900483,"remaining_time":27.4016198},
{"learn":[0.05647143116],"iteration":456,"passed_time":23.01861866,"remaining_time":27.35034996},
{"learn":[0.05627285728],"iteration":457,"passed_time":23.07129953,"remaining_time":27.30271691},
{"learn":[0.05610445446],"iteration":458,"passed_time":23.12091694,"remaining_time":27.25145112},
{"learn":[0.05587746854],"iteration":459,"passed_time":23.17281426,"remaining_time":27.20286892},
{"learn":[0.05567729322],"iteration":460,"passed_time":23.22445563,"remaining_time":27.15397307},
{"learn":[0.05543034569],"iteration":461,"passed_time":23.27534482,"remaining_time":27.10418943},
{"learn":[0.0552322875],"iteration":462,"passed_time":23.32680449,"remaining_time":27.05506266},
{"learn":[0.05510769876],"iteration":463,"passed_time":23.37779544,"remaining_time":27.00538439},
{"learn":[0.05489301386],"iteration":464,"passed_time":23.42964771,"remaining_time":26.95669145},
{"learn":[0.05471464992],"iteration":465,"passed_time":23.47985369,"remaining_time":26.90609843},
{"learn":[0.05454934861],"iteration":466,"passed_time":23.53186422,"remaining_time":26.85756666},
{"learn":[0.05438826743],"iteration":467,"passed_time":23.5818356,"remaining_time":26.806702},
{"learn":[0.05410992922],"iteration":468,"passed_time":23.63256921,"remaining_time":26.75670416},
{"learn":[0.05395804099],"iteration":469,"passed_time":23.68501017,"remaining_time":26.70862849},
{"learn":[0.05380244446],"iteration":470,"passed_time":23.73701929,"remaining_time":26.66004927},
{"learn":[0.05359180975],"iteration":471,"passed_time":23.78987583,"remaining_time":26.61240347},
{"learn":[0.05346938894],"iteration":472,"passed_time":23.84083324,"remaining_time":26.5626197},
{"learn":[0.05319639953],"iteration":473,"passed_time":23.89383471,"remaining_time":26.51509928},
{"learn":[0.05300887162],"iteration":474,"passed_time":23.94743443,"remaining_time":26.468217},
{"learn":[0.05282171583],"iteration":475,"passed_time":23.99947053,"remaining_time":26.4195852},
{"learn":[0.05261498063],"iteration":476,"passed_time":24.05220379,"remaining_time":26.37170353},
{"learn":[0.05245028325],"iteration":477,"passed_time":24.10651443,"remaining_time":26.32552413},
{"learn":[0.05233178345],"iteration":478,"passed_time":24.15666989,"remaining_time":26.27479126},
{"learn":[0.05214870094],"iteration":479,"passed_time":24.20729069,"remaining_time":26.22456491},
{"learn":[0.05194051201],"iteration":480,"passed_time":24.25938845,"remaining_time":26.17593057},
{"learn":[0.05178202446],"iteration":481,"passed_time":24.31373024,"remaining_time":26.12969349},
{"learn":[0.05165478969],"iteration":482,"passed_time":24.36473568,"remaining_time":26.07985165},
{"learn":[0.05156694804],"iteration":483,"passed_time":24.41434722,"remaining_time":26.02851894},
{"learn":[0.05133207465],"iteration":484,"passed_time":24.46497337,"remaining_time":25.97827069},
{"learn":[0.05120645858],"iteration":485,"passed_time":24.51688518,"remaining_time":25.92938062},
{"learn":[0.05107441185],"iteration":486,"passed_time":24.56630708,"remaining_time":25.8778553},
{"learn":[0.05097387689],"iteration":487,"passed_time":24.61612886,"remaining_time":25.82675815},
{"learn":[0.05077233327],"iteration":488,"passed_time":24.66664973,"remaining_time":25.77639675},
{"learn":[0.05060551658],"iteration":489,"passed_time":24.71741157,"remaining_time":25.72628552},
{"learn":[0.05045215489],"iteration":490,"passed_time":24.76626714,"remaining_time":25.67419546},
{"learn":[0.05031282605],"iteration":491,"passed_time":24.81577513,"remaining_time":25.62279221},
{"learn":[0.05020279474],"iteration":492,"passed_time":24.86645526,"remaining_time":25.57260206},
{"learn":[0.05012533806],"iteration":493,"passed_time":24.91759167,"remaining_time":25.5228773},
{"learn":[0.04999594192],"iteration":494,"passed_time":24.96705251,"remaining_time":25.47143741},
{"learn":[0.04976767038],"iteration":495,"passed_time":25.0183218,"remaining_time":25.42184312},
{"learn":[0.04945304722],"iteration":496,"passed_time":25.06998315,"remaining_time":25.37263888},
{"learn":[0.04929337588],"iteration":497,"passed_time":25.11980955,"remaining_time":25.32157509},
{"learn":[0.04918849958],"iteration":498,"passed_time":25.16927151,"remaining_time":25.27015035},
{"learn":[0.04902253993],"iteration":499,"passed_time":25.21764731,"remaining_time":25.21764731},
{"learn":[0.04881358667],"iteration":500,"passed_time":25.26761568,"remaining_time":25.16674696},
{"learn":[0.04861567181],"iteration":501,"passed_time":25.31861609,"remaining_time":25.11687413},
{"learn":[0.04850777609],"iteration":502,"passed_time":25.37045986,"remaining_time":25.06783012},
{"learn":[0.04833822742],"iteration":503,"passed_time":25.42151253,"remaining_time":25.01799646},
{"learn":[0.0482267611],"iteration":504,"passed_time":25.47063578,"remaining_time":24.96626675},
{"learn":[0.0481463056],"iteration":505,"passed_time":25.52391256,"remaining_time":24.91860238},
{"learn":[0.0480537368],"iteration":506,"passed_time":25.57574191,"remaining_time":24.8695084},
{"learn":[0.04793129878],"iteration":507,"passed_time":25.62563969,"remaining_time":24.81853293},
{"learn":[0.04781681448],"iteration":508,"passed_time":25.67738467,"remaining_time":24.76934356},
{"learn":[0.0477175816],"iteration":509,"passed_time":25.72906135,"remaining_time":24.72007855},
{"learn":[0.04758621019],"iteration":510,"passed_time":25.78078966,"remaining_time":24.67085351},
{"learn":[0.04750707158],"iteration":511,"passed_time":25.83252374,"remaining_time":24.62162419},
{"learn":[0.04733434869],"iteration":512,"passed_time":25.88502767,"remaining_time":24.57311594},
{"learn":[0.04722243362],"iteration":513,"passed_time":25.93610352,"remaining_time":24.52324185},
{"learn":[0.04711152132],"iteration":514,"passed_time":25.99038769,"remaining_time":24.47638453},
{"learn":[0.04702641465],"iteration":515,"passed_time":26.04274893,"remaining_time":24.42769474},
{"learn":[0.04689842356],"iteration":516,"passed_time":26.09542329,"remaining_time":24.37928327},
{"learn":[0.04677860247],"iteration":517,"passed_time":26.14632634,"remaining_time":24.32920713},
{"learn":[0.04667083401],"iteration":518,"passed_time":26.19867037,"remaining_time":24.28046329},
{"learn":[0.04662584159],"iteration":519,"passed_time":26.25456911,"remaining_time":24.23498687},
{"learn":[0.04653420359],"iteration":520,"passed_time":26.30587034,"remaining_time":24.18524355},
{"learn":[0.04639224868],"iteration":521,"passed_time":26.35738498,"remaining_time":24.1356897},
{"learn":[0.04619451404],"iteration":522,"passed_time":26.40904402,"remaining_time":24.08626003},
{"learn":[0.04607643595],"iteration":523,"passed_time":26.46100518,"remaining_time":24.03709631},
{"learn":[0.04588540839],"iteration":524,"passed_time":26.5123606,"remaining_time":23.98737388},
{"learn":[0.0457605211],"iteration":525,"passed_time":26.56619208,"remaining_time":23.93987651},
{"learn":[0.04560781349],"iteration":526,"passed_time":26.61993425,"remaining_time":23.89227495},
{"learn":[0.04545772503],"iteration":527,"passed_time":26.67300386,"remaining_time":23.84404891},
{"learn":[0.04530169567],"iteration":528,"passed_time":26.72369213,"remaining_time":23.7936843},
{"learn":[0.04514429209],"iteration":529,"passed_time":26.77355011,"remaining_time":23.74258217},
{"learn":[0.04496767602],"iteration":530,"passed_time":26.82575498,"remaining_time":23.6935576},
{"learn":[0.04478508484],"iteration":531,"passed_time":26.87594152,"remaining_time":23.64274555},
{"learn":[0.04464414606],"iteration":532,"passed_time":26.92747416,"remaining_time":23.59311526},
{"learn":[0.04450692828],"iteration":533,"passed_time":26.97986892,"remaining_time":23.54423019},
{"learn":[0.04436233181],"iteration":534,"passed_time":27.03191714,"remaining_time":23.49503078},
{"learn":[0.04422793862],"iteration":535,"passed_time":27.08558191,"remaining_time":23.44722016},
{"learn":[0.0441103316],"iteration":536,"passed_time":27.13671163,"remaining_time":23.39720202},
{"learn":[0.04395808958],"iteration":537,"passed_time":27.18806248,"remaining_time":23.34736964},
{"learn":[0.04387567177],"iteration":538,"passed_time":27.23867196,"remaining_time":23.29689754},
{"learn":[0.04367583258],"iteration":539,"passed_time":27.29156201,"remaining_time":23.24836764},
{"learn":[0.04348356113],"iteration":540,"passed_time":27.34124172,"remaining_time":23.19709788},
{"learn":[0.04338465079],"iteration":541,"passed_time":27.39163321,"remaining_time":23.14643545},
{"learn":[0.04321616471],"iteration":542,"passed_time":27.44184743,"remaining_time":23.09562481},
{"learn":[0.04312346306],"iteration":543,"passed_time":27.49321382,"remaining_time":23.04578218},
{"learn":[0.04300129179],"iteration":544,"passed_time":27.5457396,"remaining_time":22.99690186},
{"learn":[0.04289542037],"iteration":545,"passed_time":27.59727322,"remaining_time":22.94718323},
{"learn":[0.04280057533],"iteration":546,"passed_time":27.64800538,"remaining_time":22.89679422},
{"learn":[0.04269096165],"iteration":547,"passed_time":27.69768567,"remaining_time":22.84553635},
{"learn":[0.04257762828],"iteration":548,"passed_time":27.74866171,"remaining_time":22.79534869},
{"learn":[0.04243983011],"iteration":549,"passed_time":27.79916177,"remaining_time":22.74476872},
{"learn":[0.0423303259],"iteration":550,"passed_time":27.8511383,"remaining_time":22.69539219},
{"learn":[0.04225490127],"iteration":551,"passed_time":27.90085326,"remaining_time":22.64417076},
{"learn":[0.04216719941],"iteration":552,"passed_time":27.95413753,"remaining_time":22.59583992},
{"learn":[0.04205390529],"iteration":553,"passed_time":28.00624298,"remaining_time":22.54654218},
{"learn":[0.04201064423],"iteration":554,"passed_time":28.05664575,"remaining_time":22.49586912},
{"learn":[0.04189808749],"iteration":555,"passed_time":28.10733964,"remaining_time":22.4454295},
{"learn":[0.04180085046],"iteration":556,"passed_time":28.15924338,"remaining_time":22.3959512},
{"learn":[0.04171421536],"iteration":557,"passed_time":28.20885997,"remaining_time":22.34465252},
{"learn":[0.04157891802],"iteration":558,"passed_time":28.26018108,"remaining_time":22.29470457},
{"learn":[0.04143160483],"iteration":559,"passed_time":28.31083541,"remaining_time":22.24422782},
{"learn":[0.04134836816],"iteration":560,"passed_time":28.36307568,"remaining_time":22.19499148},
{"learn":[0.04123156962],"iteration":561,"passed_time":28.41132365,"remaining_time":22.14263302},
{"learn":[0.04106895821],"iteration":562,"passed_time":28.46427778,"remaining_time":22.09394208},
{"learn":[0.04097595111],"iteration":563,"passed_time":28.51531797,"remaining_time":22.04375644},
{"learn":[0.04092360351],"iteration":564,"passed_time":28.56559378,"remaining_time":21.99297928},
{"learn":[0.04083333549],"iteration":565,"passed_time":28.61513426,"remaining_time":21.94164005},
{"learn":[0.0407205025],"iteration":566,"passed_time":28.66597934,"remaining_time":21.89130345},
{"learn":[0.04061333285],"iteration":567,"passed_time":28.71601175,"remaining_time":21.84034697},
{"learn":[0.04052689195],"iteration":568,"passed_time":28.76477475,"remaining_time":21.78843219},
{"learn":[0.04041106916],"iteration":569,"passed_time":28.81818574,"remaining_time":21.74003485},
{"learn":[0.04032057155],"iteration":570,"passed_time":28.86981472,"remaining_time":21.69028112},
{"learn":[0.04025007903],"iteration":571,"passed_time":28.92109095,"remaining_time":21.64025687},
{"learn":[0.04016709108],"iteration":572,"passed_time":28.972489,"remaining_time":21.59031903},
{"learn":[0.03999648168],"iteration":573,"passed_time":29.02462362,"remaining_time":21.54092276},
{"learn":[0.03988979049],"iteration":574,"passed_time":29.07804751,"remaining_time":21.4924699},
{"learn":[0.03976081708],"iteration":575,"passed_time":29.12888114,"remaining_time":21.44209306},
{"learn":[0.03964989],"iteration":576,"passed_time":29.17797608,"remaining_time":21.39044},
{"learn":[0.03952939141],"iteration":577,"passed_time":29.22783815,"remaining_time":21.33935588},
{"learn":[0.03941149905],"iteration":578,"passed_time":29.27866796,"remaining_time":21.28897964},
{"learn":[0.03930412685],"iteration":579,"passed_time":29.32874716,"remaining_time":21.23805829},
{"learn":[0.03918000904],"iteration":580,"passed_time":29.37732801,"remaining_time":21.18605927},
{"learn":[0.03907776544],"iteration":581,"passed_time":29.42868048,"remaining_time":21.13606261},
{"learn":[0.03899731458],"iteration":582,"passed_time":29.47769666,"remaining_time":21.08439023},
{"learn":[0.03892190764],"iteration":583,"passed_time":29.52692013,"remaining_time":21.03287462},
{"learn":[0.03876706597],"iteration":584,"passed_time":29.57689431,"remaining_time":20.98189938},
{"learn":[0.03866726326],"iteration":585,"passed_time":29.6274116,"remaining_time":20.93131127},
{"learn":[0.03857058812],"iteration":586,"passed_time":29.6784152,"remaining_time":20.88106555},
{"learn":[0.0384632262],"iteration":587,"passed_time":29.730185,"remaining_time":20.83135411},
{"learn":[0.03833045594],"iteration":588,"passed_time":29.78090753,"remaining_time":20.78090491},
{"learn":[0.03817038763],"iteration":589,"passed_time":29.8308043,"remaining_time":20.72988096},
{"learn":[0.03810339571],"iteration":590,"passed_time":29.88018843,"remaining_time":20.67850604},
{"learn":[0.03802005348],"iteration":591,"passed_time":29.92934917,"remaining_time":20.62698389},
{"learn":[0.03789917978],"iteration":592,"passed_time":29.98018531,"remaining_time":20.57661959},
{"learn":[0.03782041364],"iteration":593,"passed_time":30.03123485,"remaining_time":20.52639957},
{"learn":[0.03774635947],"iteration":594,"passed_time":30.08280099,"remaining_time":20.47652841},
{"learn":[0.03767868778],"iteration":595,"passed_time":30.13282823,"remaining_time":20.4256084},
{"learn":[0.03754288179],"iteration":596,"passed_time":30.1836977,"remaining_time":20.37525992},
{"learn":[0.03743261135],"iteration":597,"passed_time":30.23264207,"remaining_time":20.32361557},
{"learn":[0.03735672245],"iteration":598,"passed_time":30.28419424,"remaining_time":20.27372602},
{"learn":[0.03725013677],"iteration":599,"passed_time":30.33653677,"remaining_time":20.22435785},
{"learn":[0.03717048094],"iteration":600,"passed_time":30.39075751,"remaining_time":20.1762267},
{"learn":[0.03704359781],"iteration":601,"passed_time":30.44558372,"remaining_time":20.12847561},
{"learn":[0.03689278894],"iteration":602,"passed_time":30.50188157,"remaining_time":20.08166995},
{"learn":[0.03683638316],"iteration":603,"passed_time":30.56002815,"remaining_time":20.03604495},
{"learn":[0.03674160595],"iteration":604,"passed_time":30.61366415,"remaining_time":19.98743362},
{"learn":[0.03665186442],"iteration":605,"passed_time":30.66919026,"remaining_time":19.94003459},
{"learn":[0.0365443525],"iteration":606,"passed_time":30.72330145,"remaining_time":19.8916927},
{"learn":[0.03647505299],"iteration":607,"passed_time":30.7734805,"remaining_time":19.84079664},
{"learn":[0.03637813933],"iteration":608,"passed_time":30.82421884,"remaining_time":19.79026201},
{"learn":[0.03632842579],"iteration":609,"passed_time":30.87450091,"remaining_time":19.73943501},
{"learn":[0.03626514514],"iteration":610,"passed_time":30.92637265,"remaining_time":19.68962187},
{"learn":[0.0361410787],"iteration":611,"passed_time":30.97813102,"remaining_time":19.63973012},
{"learn":[0.03605972956],"iteration":612,"passed_time":31.03114699,"remaining_time":19.59062624},
{"learn":[0.03598812079],"iteration":613,"passed_time":31.08139061,"remaining_time":19.53976673},
{"learn":[0.0359382935],"iteration":614,"passed_time":31.13193215,"remaining_time":19.48909574},
{"learn":[0.03583547079],"iteration":615,"passed_time":31.18309212,"remaining_time":19.43881067},
{"learn":[0.03571567903],"iteration":616,"passed_time":31.23303294,"remaining_time":19.38776599},
{"learn":[0.03563532168],"iteration":617,"passed_time":31.2846999,"remaining_time":19.33779185},
{"learn":[0.03554403383],"iteration":618,"passed_time":31.33651874,"remaining_time":19.28790572},
{"learn":[0.03545693119],"iteration":619,"passed_time":31.38691722,"remaining_time":19.23714281},
{"learn":[0.03538495338],"iteration":620,"passed_time":31.43931249,"remaining_time":19.18759973},
{"learn":[0.03528915395],"iteration":621,"passed_time":31.48971122,"remaining_time":19.13683415},
{"learn":[0.0352537285],"iteration":622,"passed_time":31.5435662,"remaining_time":19.08816125},
{"learn":[0.03520226796],"iteration":623,"passed_time":31.59580538,"remaining_time":19.03849811},
{"learn":[0.03513089034],"iteration":624,"passed_time":31.64863688,"remaining_time":18.98918213},
{"learn":[0.03506244145],"iteration":625,"passed_time":31.70338311,"remaining_time":18.94099886},
{"learn":[0.03495646477],"iteration":626,"passed_time":31.75335179,"remaining_time":18.8899525},
{"learn":[0.0348863608],"iteration":627,"passed_time":31.80393638,"remaining_time":18.83927442},
{"learn":[0.0347803955],"iteration":628,"passed_time":31.85663998,"remaining_time":18.78984647},
{"learn":[0.03471101674],"iteration":629,"passed_time":31.90859194,"remaining_time":18.7399667},
{"learn":[0.03464415691],"iteration":630,"passed_time":31.96057915,"remaining_time":18.69010096},
{"learn":[0.03450175117],"iteration":631,"passed_time":32.01228871,"remaining_time":18.64006684},
{"learn":[0.03444252635],"iteration":632,"passed_time":32.06236307,"remaining_time":18.58907938},
{"learn":[0.03436994503],"iteration":633,"passed_time":32.1119479,"remaining_time":18.5378122},
{"learn":[0.03430003389],"iteration":634,"passed_time":32.1624987,"remaining_time":18.48710555},
{"learn":[0.03423001195],"iteration":635,"passed_time":32.21334958,"remaining_time":18.43657114},
{"learn":[0.03412520758],"iteration":636,"passed_time":32.26624459,"remaining_time":18.38720061},
{"learn":[0.03402754776],"iteration":637,"passed_time":32.316489,"remaining_time":18.33631507},
{"learn":[0.03396278995],"iteration":638,"passed_time":32.36702135,"remaining_time":18.28559422},
{"learn":[0.0338935334],"iteration":639,"passed_time":32.41694919,"remaining_time":18.23453392},
{"learn":[0.03382945562],"iteration":640,"passed_time":32.4680025,"remaining_time":18.18410748},
{"learn":[0.0337421796],"iteration":641,"passed_time":32.51783102,"remaining_time":18.13299611},
{"learn":[0.033643494],"iteration":642,"passed_time":32.56987457,"remaining_time":18.08311854},
{"learn":[0.0335414617],"iteration":643,"passed_time":32.62092955,"remaining_time":18.03268776},
{"learn":[0.03343430776],"iteration":644,"passed_time":32.67266482,"remaining_time":17.98262948},
{"learn":[0.03334133199],"iteration":645,"passed_time":32.72204507,"remaining_time":17.93127547},
{"learn":[0.03325208769],"iteration":646,"passed_time":32.77056258,"remaining_time":17.87945686},
{"learn":[0.0331992163],"iteration":647,"passed_time":32.81977923,"remaining_time":17.82802822},
{"learn":[0.03312836779],"iteration":648,"passed_time":32.87092777,"remaining_time":17.77765123},
{"learn":[0.03305370405],"iteration":649,"passed_time":32.9194707,"remaining_time":17.72586884},
{"learn":[0.0329823854],"iteration":650,"passed_time":32.96777398,"remaining_time":17.67396793},
{"learn":[0.03293362872],"iteration":651,"passed_time":33.01695996,"remaining_time":17.62254918},
{"learn":[0.03285502021],"iteration":652,"passed_time":33.06842973,"remaining_time":17.57235087},
{"learn":[0.03277564403],"iteration":653,"passed_time":33.11973179,"remaining_time":17.52205994},
{"learn":[0.03270910715],"iteration":654,"passed_time":33.16817376,"remaining_time":17.47025946},
{"learn":[0.03264826149],"iteration":655,"passed_time":33.21980599,"remaining_time":17.42014216},
{"learn":[0.03258179075],"iteration":656,"passed_time":33.26801238,"remaining_time":17.36823173},
{"learn":[0.03250587647],"iteration":657,"passed_time":33.31863385,"remaining_time":17.31758781},
{"learn":[0.03243651436],"iteration":658,"passed_time":33.36831625,"remaining_time":17.26645803},
{"learn":[0.03235114296],"iteration":659,"passed_time":33.41857903,"remaining_time":17.21563162},
{"learn":[0.03229571501],"iteration":660,"passed_time":33.4709903,"remaining_time":17.16590879},
{"learn":[0.03222093221],"iteration":661,"passed_time":33.52371257,"remaining_time":17.11633663},
{"learn":[0.0321452026],"iteration":662,"passed_time":33.5746156,"remaining_time":17.06583025},
{"learn":[0.03205455922],"iteration":663,"passed_time":33.62541488,"remaining_time":17.01527018},
{"learn":[0.0319760142],"iteration":664,"passed_time":33.67792929,"remaining_time":16.9655734},
{"learn":[0.03191456331],"iteration":665,"passed_time":33.72970731,"remaining_time":16.91549886},
{"learn":[0.03185247302],"iteration":666,"passed_time":33.78023492,"remaining_time":16.86479495},
{"learn":[0.03180520611],"iteration":667,"passed_time":33.83000485,"remaining_time":16.81371498},
{"learn":[0.03173148375],"iteration":668,"passed_time":33.88043451,"remaining_time":16.76296535},
{"learn":[0.03163519476],"iteration":669,"passed_time":33.93415321,"remaining_time":16.71383666},
{"learn":[0.0315599747],"iteration":670,"passed_time":33.98779187,"remaining_time":16.66465503},
{"learn":[0.03150731993],"iteration":671,"passed_time":34.04112002,"remaining_time":16.61530858},
{"learn":[0.0314506867],"iteration":672,"passed_time":34.09062444,"remaining_time":16.56409241},
{"learn":[0.03138865333],"iteration":673,"passed_time":34.14161738,"remaining_time":16.51360129},
{"learn":[0.03131810579],"iteration":674,"passed_time":34.19292107,"remaining_time":16.46325829},
{"learn":[0.03125406811],"iteration":675,"passed_time":34.24249503,"remaining_time":16.41208342},
{"learn":[0.03115923046],"iteration":676,"passed_time":34.29713745,"remaining_time":16.36333146},
{"learn":[0.03111080034],"iteration":677,"passed_time":34.35114076,"remaining_time":16.31425859},
{"learn":[0.03103864154],"iteration":678,"passed_time":34.4048085,"remaining_time":16.26501256},
{"learn":[0.03093787723],"iteration":679,"passed_time":34.4590513,"remaining_time":16.21602414},
{"learn":[0.03088000138],"iteration":680,"passed_time":34.51069659,"remaining_time":16.16580354},
{"learn":[0.03085603307],"iteration":681,"passed_time":34.56081113,"remaining_time":16.11486501},
{"learn":[0.03079867881],"iteration":682,"passed_time":34.61192479,"remaining_time":16.06439262},
{"learn":[0.03068559784],"iteration":683,"passed_time":34.66199987,"remaining_time":16.01343854},
{"learn":[0.03063740171],"iteration":684,"passed_time":34.71349422,"remaining_time":15.96313968},
{"learn":[0.03056969992],"iteration":685,"passed_time":34.7639604,"remaining_time":15.91236672},
{"learn":[0.03048040631],"iteration":686,"passed_time":34.81428208,"remaining_time":15.86152881},
{"learn":[0.0303834482],"iteration":687,"passed_time":34.86444012,"remaining_time":15.8106182},
{"learn":[0.03029799085],"iteration":688,"passed_time":34.91829264,"remaining_time":15.76137737},
{"learn":[0.03022733142],"iteration":689,"passed_time":34.96781625,"remaining_time":15.71017831},
{"learn":[0.0301745815],"iteration":690,"passed_time":35.01797762,"remaining_time":15.6592693},
{"learn":[0.03009350704],"iteration":691,"passed_time":35.06895028,"remaining_time":15.60872354},
{"learn":[0.03003841958],"iteration":692,"passed_time":35.11870143,"remaining_time":15.55763541},
{"learn":[0.02996101167],"iteration":693,"passed_time":35.1700732,"remaining_time":15.5072657},
{"learn":[0.02989826568],"iteration":694,"passed_time":35.22042603,"remaining_time":15.45644596},
{"learn":[0.02982240977],"iteration":695,"passed_time":35.26987603,"remaining_time":15.40523321},
{"learn":[0.0297900099],"iteration":696,"passed_time":35.3224832,"remaining_time":15.355398},
{"learn":[0.02971024223],"iteration":697,"passed_time":35.37570108,"remaining_time":15.30581909},
{"learn":[0.02965657295],"iteration":698,"passed_time":35.42587113,"remaining_time":15.25491732},
{"learn":[0.0295703748],"iteration":699,"passed_time":35.47455064,"remaining_time":15.20337884},
{"learn":[0.02946623219],"iteration":700,"passed_time":35.52406953,"remaining_time":15.15220655},
{"learn":[0.02943548025],"iteration":701,"passed_time":35.57576894,"remaining_time":15.10196459},
{"learn":[0.02937346851],"iteration":702,"passed_time":35.62709858,"remaining_time":15.05156227},
{"learn":[0.02932037623],"iteration":703,"passed_time":35.67864915,"remaining_time":15.00125021},
{"learn":[0.02926623566],"iteration":704,"passed_time":35.73145252,"remaining_time":14.95145886},
{"learn":[0.02920023079],"iteration":705,"passed_time":35.79838261,"remaining_time":14.90754177},
{"learn":[0.0291343119],"iteration":706,"passed_time":35.89727372,"remaining_time":14.87680509},
{"learn":[0.02906146816],"iteration":707,"passed_time":35.95066423,"remaining_time":14.8271101},
{"learn":[0.0289874622],"iteration":708,"passed_time":36.00335488,"remaining_time":14.77711745},
{"learn":[0.02893784641],"iteration":709,"passed_time":36.0563704,"remaining_time":14.72724988},
{"learn":[0.02889539698],"iteration":710,"passed_time":36.10917072,"remaining_time":14.67728599},
{"learn":[0.02884263808],"iteration":711,"passed_time":36.16183508,"remaining_time":14.62725914},
{"learn":[0.02877136971],"iteration":712,"passed_time":36.21299484,"remaining_time":14.57661924},
{"learn":[0.02871234006],"iteration":713,"passed_time":36.26261585,"remaining_time":14.52536153},
{"learn":[0.02865198926],"iteration":714,"passed_time":36.3134094,"remaining_time":14.47457578},
{"learn":[0.02857118922],"iteration":715,"passed_time":36.36373239,"remaining_time":14.42360335},
{"learn":[0.0284986628],"iteration":716,"passed_time":36.41552381,"remaining_time":14.37321233},
{"learn":[0.02845596031],"iteration":717,"passed_time":36.46503872,"remaining_time":14.32192328},
{"learn":[0.02840080751],"iteration":718,"passed_time":36.51508518,"remaining_time":14.27084692},
{"learn":[0.0283331755],"iteration":719,"passed_time":36.56512078,"remaining_time":14.21976919},
{"learn":[0.02828953923],"iteration":720,"passed_time":36.61762251,"remaining_time":14.16964865},
{"learn":[0.02824952657],"iteration":721,"passed_time":36.66866539,"remaining_time":14.1189598},
{"learn":[0.02818245808],"iteration":722,"passed_time":36.71820502,"remaining_time":14.06769404},
{"learn":[0.02812522321],"iteration":723,"passed_time":36.76764096,"remaining_time":14.01639352},
{"learn":[0.02807024081],"iteration":724,"passed_time":36.8202168,"remaining_time":13.96628913},
{"learn":[0.028018573],"iteration":725,"passed_time":36.87265939,"remaining_time":13.91612765},
{"learn":[0.02796518503],"iteration":726,"passed_time":36.92409312,"remaining_time":13.86558105},
{"learn":[0.02789495449],"iteration":727,"passed_time":36.97320755,"remaining_time":13.81416546},
{"learn":[0.02784566535],"iteration":728,"passed_time":37.02421495,"remaining_time":13.76345988},
{"learn":[0.02778611951],"iteration":729,"passed_time":37.07910316,"remaining_time":13.71418884},
{"learn":[0.02771775189],"iteration":730,"passed_time":37.13119461,"remaining_time":13.66387326},
{"learn":[0.0276402175],"iteration":731,"passed_time":37.18397132,"remaining_time":13.61380371},
{"learn":[0.02757575191],"iteration":732,"passed_time":37.23567596,"remaining_time":13.56333627},
{"learn":[0.02750806343],"iteration":733,"passed_time":37.28636435,"remaining_time":13.51249716},
{"learn":[0.02745671523],"iteration":734,"passed_time":37.33843515,"remaining_time":13.46215689},
{"learn":[0.02740323683],"iteration":735,"passed_time":37.3899248,"remaining_time":13.41160346},
{"learn":[0.0273512976],"iteration":736,"passed_time":37.44001068,"remaining_time":13.36054655},
{"learn":[0.0273075207],"iteration":737,"passed_time":37.50119041,"remaining_time":13.31343074},
{"learn":[0.02726694011],"iteration":738,"passed_time":37.54935235,"remaining_time":13.26167925},
{"learn":[0.02720852482],"iteration":739,"passed_time":37.60103338,"remaining_time":13.21117389},
{"learn":[0.02717035853],"iteration":740,"passed_time":37.65089063,"remaining_time":13.1600279},
{"learn":[0.02710257121],"iteration":741,"passed_time":37.69917623,"remaining_time":13.1083389},
{"learn":[0.02705173746],"iteration":742,"passed_time":37.74918958,"remaining_time":13.05725669},
{"learn":[0.0270079068],"iteration":743,"passed_time":37.79750396,"remaining_time":13.00559276},
{"learn":[0.02698229327],"iteration":744,"passed_time":37.84735896,"remaining_time":12.95446515},
{"learn":[0.02690008767],"iteration":745,"passed_time":37.89824104,"remaining_time":12.90369065},
{"learn":[0.02681244416],"iteration":746,"passed_time":37.94837797,"remaining_time":12.85266349},
{"learn":[0.02675441371],"iteration":747,"passed_time":37.99783308,"remaining_time":12.80140901},
{"learn":[0.02668198783],"iteration":748,"passed_time":38.04844853,"remaining_time":12.75054817},
{"learn":[0.0266199424],"iteration":749,"passed_time":38.09878315,"remaining_time":12.69959438},
{"learn":[0.02658137964],"iteration":750,"passed_time":38.15132908,"remaining_time":12.64937542},
{"learn":[0.02650037448],"iteration":751,"passed_time":38.20003169,"remaining_time":12.59788279},
{"learn":[0.02645025356],"iteration":752,"passed_time":38.24969555,"remaining_time":12.54671288},
{"learn":[0.02640434387],"iteration":753,"passed_time":38.2989742,"remaining_time":12.49542129},
{"learn":[0.02635166537],"iteration":754,"passed_time":38.34991227,"remaining_time":12.44467352},
{"learn":[0.026264959],"iteration":755,"passed_time":38.39931184,"remaining_time":12.39342869},
{"learn":[0.02621630837],"iteration":756,"passed_time":38.44958515,"remaining_time":12.34246921},
{"learn":[0.02616666518],"iteration":757,"passed_time":38.50249294,"remaining_time":12.29235263},
{"learn":[0.0261220037],"iteration":758,"passed_time":38.5555245,"remaining_time":12.24226799},
{"learn":[0.02607403966],"iteration":759,"passed_time":38.60386126,"remaining_time":12.19069303},
{"learn":[0.02603218986],"iteration":760,"passed_time":38.65509001,"remaining_time":12.14003484},
{"learn":[0.02599085658],"iteration":761,"passed_time":38.7057272,"remaining_time":12.08919039},
{"learn":[0.02594091307],"iteration":762,"passed_time":38.75485925,"remaining_time":12.03787895},
{"learn":[0.0258678054],"iteration":763,"passed_time":38.8073404,"remaining_time":11.98760777},
{"learn":[0.0258417562],"iteration":764,"passed_time":38.85827588,"remaining_time":11.93685599},
{"learn":[0.02579332638],"iteration":765,"passed_time":38.90915263,"remaining_time":11.88608579},
{"learn":[0.02575418977],"iteration":766,"passed_time":38.95939668,"remaining_time":11.83512311},
{"learn":[0.02571378804],"iteration":767,"passed_time":39.00918328,"remaining_time":11.78402412},
{"learn":[0.02565786007],"iteration":768,"passed_time":39.05941665,"remaining_time":11.73306274},
{"learn":[0.02561365043],"iteration":769,"passed_time":39.11112502,"remaining_time":11.68254384},
{"learn":[0.02556795266],"iteration":770,"passed_time":39.16049708,"remaining_time":11.63132793},
{"learn":[0.0255081136],"iteration":771,"passed_time":39.21246879,"remaining_time":11.58088456},
{"learn":[0.02546087646],"iteration":772,"passed_time":39.26224452,"remaining_time":11.52979238},
{"learn":[0.02544275396],"iteration":773,"passed_time":39.31375376,"remaining_time":11.47920975},
{"learn":[0.02538909901],"iteration":774,"passed_time":39.36394241,"remaining_time":11.42824135},
{"learn":[0.02537019907],"iteration":775,"passed_time":39.41486507,"remaining_time":11.37748683},
{"learn":[0.02532282164],"iteration":776,"passed_time":39.46670591,"remaining_time":11.32699539},
{"learn":[0.02527501878],"iteration":777,"passed_time":39.51600423,"remaining_time":11.27577498},
{"learn":[0.02522639057],"iteration":778,"passed_time":39.56679619,"remaining_time":11.22498326},
{"learn":[0.02517867477],"iteration":779,"passed_time":39.61861272,"remaining_time":11.17448051},
{"learn":[0.02513409278],"iteration":780,"passed_time":39.67295449,"remaining_time":11.1246825},
{"learn":[0.02509419695],"iteration":781,"passed_time":39.72550282,"remaining_time":11.07437291},
{"learn":[0.02503626038],"iteration":782,"passed_time":39.77988952,"remaining_time":11.02456708},
{"learn":[0.02499223617],"iteration":783,"passed_time":39.83176502,"remaining_time":10.97405771},
{"learn":[0.02493719708],"iteration":784,"passed_time":39.88463869,"remaining_time":10.92381824},
{"learn":[0.02490348809],"iteration":785,"passed_time":39.93656824,"remaining_time":10.87331502},
{"learn":[0.02486396294],"iteration":786,"passed_time":39.99007758,"remaining_time":10.82323574},
{"learn":[0.02479882895],"iteration":787,"passed_time":40.04406437,"remaining_time":10.7732762},
{"learn":[0.02475289325],"iteration":788,"passed_time":40.09642598,"remaining_time":10.72287184},
{"learn":[0.0246971128],"iteration":789,"passed_time":40.14713931,"remaining_time":10.67202437},
{"learn":[0.02465246866],"iteration":790,"passed_time":40.20003593,"remaining_time":10.62175412},
{"learn":[0.02460276879],"iteration":791,"passed_time":40.25177825,"remaining_time":10.57117409},
{"learn":[0.02459291673],"iteration":792,"passed_time":40.30148445,"remaining_time":10.52005962},
{"learn":[0.02455873746],"iteration":793,"passed_time":40.35706611,"remaining_time":10.47047307},
{"learn":[0.02452191679],"iteration":794,"passed_time":40.41178985,"remaining_time":10.42065021},
{"learn":[0.02447682797],"iteration":795,"passed_time":40.46390048,"remaining_time":10.37014535},
{"learn":[0.02444686822],"iteration":796,"passed_time":40.51518131,"remaining_time":10.3194251},
{"learn":[0.02440791745],"iteration":797,"passed_time":40.56450013,"remaining_time":10.2682068},
{"learn":[0.02436898388],"iteration":798,"passed_time":40.61390953,"remaining_time":10.21701604},
{"learn":[0.02431504898],"iteration":799,"passed_time":40.66443692,"remaining_time":10.16610923},
{"learn":[0.0242676387],"iteration":800,"passed_time":40.71929598,"remaining_time":10.11627953},
{"learn":[0.02422463912],"iteration":801,"passed_time":40.77191333,"remaining_time":10.06588384},
{"learn":[0.0241785015],"iteration":802,"passed_time":40.82324761,"remaining_time":10.01516784},
{"learn":[0.02413895157],"iteration":803,"passed_time":40.87430979,"remaining_time":9.964383979},
{"learn":[0.02408470959],"iteration":804,"passed_time":40.92729164,"remaining_time":9.914064435},
{"learn":[0.02404347534],"iteration":805,"passed_time":40.9820938,"remaining_time":9.864176424},
{"learn":[0.02402445246],"iteration":806,"passed_time":41.03350743,"remaining_time":9.81346584},
{"learn":[0.0239772168],"iteration":807,"passed_time":41.08384064,"remaining_time":9.762496787},
{"learn":[0.02395768689],"iteration":808,"passed_time":41.13658781,"remaining_time":9.712099223},
{"learn":[0.02392444967],"iteration":809,"passed_time":41.19054935,"remaining_time":9.661980712},
{"learn":[0.02387148374],"iteration":810,"passed_time":41.24364303,"remaining_time":9.611650472},
{"learn":[0.02384717713],"iteration":811,"passed_time":41.2938545,"remaining_time":9.560646116},
{"learn":[0.02379237856],"iteration":812,"passed_time":41.34557967,"remaining_time":9.50999188},
{"learn":[0.02373122443],"iteration":813,"passed_time":41.3977932,"remaining_time":9.459446604},
{"learn":[0.02370209881],"iteration":814,"passed_time":41.45055962,"remaining_time":9.409022736},
{"learn":[0.02366115129],"iteration":815,"passed_time":41.50512262,"remaining_time":9.358998238},
{"learn":[0.02360992949],"iteration":816,"passed_time":41.5622953,"remaining_time":9.309547171},
{"learn":[0.02356956231],"iteration":817,"passed_time":41.61289361,"remaining_time":9.258614472},
{"learn":[0.0235133925],"iteration":818,"passed_time":41.66482235,"remaining_time":9.207976613},
{"learn":[0.02345256406],"iteration":819,"passed_time":41.71787879,"remaining_time":9.157583149},
{"learn":[0.0233891952],"iteration":820,"passed_time":41.77035204,"remaining_time":9.107056047},
{"learn":[0.02335200857],"iteration":821,"passed_time":41.82204501,"remaining_time":9.056355245},
{"learn":[0.02330801975],"iteration":822,"passed_time":41.87360958,"remaining_time":9.005624418},
{"learn":[0.02324383992],"iteration":823,"passed_time":41.92935681,"remaining_time":8.955784949},
{"learn":[0.0231964315],"iteration":824,"passed_time":41.98084427,"remaining_time":8.905027572},
{"learn":[0.02313741354],"iteration":825,"passed_time":42.0356731,"remaining_time":8.854972299},
{"learn":[0.02309717762],"iteration":826,"passed_time":42.08726665,"remaining_time":8.804228695},
{"learn":[0.02304354585],"iteration":827,"passed_time":42.13908959,"remaining_time":8.753530689},
{"learn":[0.0229817336],"iteration":828,"passed_time":42.19041748,"remaining_time":8.702727851},
{"learn":[0.0229588826],"iteration":829,"passed_time":42.24153023,"remaining_time":8.651879686},
{"learn":[0.0229022747],"iteration":830,"passed_time":42.29301492,"remaining_time":8.601106525},
{"learn":[0.02286637181],"iteration":831,"passed_time":42.34591063,"remaining_time":8.55061657},
{"learn":[0.02284774953],"iteration":832,"passed_time":42.39569808,"remaining_time":8.499497693},
{"learn":[0.02281191128],"iteration":833,"passed_time":42.44868925,"remaining_time":8.449019684},
{"learn":[0.022787969],"iteration":834,"passed_time":42.4978438,"remaining_time":8.397777517},
{"learn":[0.02274133222],"iteration":835,"passed_time":42.55298791,"remaining_time":8.347715331},
{"learn":[0.02270094251],"iteration":836,"passed_time":42.60705052,"remaining_time":8.297430387},
{"learn":[0.02269104061],"iteration":837,"passed_time":42.66274356,"remaining_time":8.247451619},
{"learn":[0.02264904174],"iteration":838,"passed_time":42.71260728,"remaining_time":8.19634061},
{"learn":[0.02261399517],"iteration":839,"passed_time":42.76743358,"remaining_time":8.146177824},
{"learn":[0.02258547943],"iteration":840,"passed_time":42.81812874,"remaining_time":8.095222912},
{"learn":[0.02253922896],"iteration":841,"passed_time":42.87129248,"remaining_time":8.044731844},
{"learn":[0.02250081597],"iteration":842,"passed_time":42.92088837,"remaining_time":7.993569958},
{"learn":[0.02246692147],"iteration":843,"passed_time":42.9728501,"remaining_time":7.94284907},
{"learn":[0.02241856923],"iteration":844,"passed_time":43.02427605,"remaining_time":7.892026968},
{"learn":[0.02237592309],"iteration":845,"passed_time":43.08304171,"remaining_time":7.842539507},
{"learn":[0.02232301711],"iteration":846,"passed_time":43.13652369,"remaining_time":7.792075709},
{"learn":[0.0222889069],"iteration":847,"passed_time":43.18684723,"remaining_time":7.741038655},
{"learn":[0.02225913767],"iteration":848,"passed_time":43.2383252,"remaining_time":7.690208604},
{"learn":[0.02222325126],"iteration":849,"passed_time":43.28867563,"remaining_time":7.639178053},
{"learn":[0.02218142715],"iteration":850,"passed_time":43.33866862,"remaining_time":7.588086516},
{"learn":[0.02212067448],"iteration":851,"passed_time":43.39313092,"remaining_time":7.537773916},
{"learn":[0.02209518235],"iteration":852,"passed_time":43.4484364,"remaining_time":7.487596894},
{"learn":[0.02205499414],"iteration":853,"passed_time":43.49991753,"remaining_time":7.436754052},
{"learn":[0.02199484132],"iteration":854,"passed_time":43.54965493,"remaining_time":7.385613994},
{"learn":[0.02196269537],"iteration":855,"passed_time":43.60042209,"remaining_time":7.334650445},
{"learn":[0.0219312592],"iteration":856,"passed_time":43.65182743,"remaining_time":7.283793842},
{"learn":[0.02191251047],"iteration":857,"passed_time":43.70121037,"remaining_time":7.23260125},
{"learn":[0.02187965951],"iteration":858,"passed_time":43.75245476,"remaining_time":7.181718418},
{"learn":[0.0218493774],"iteration":859,"passed_time":43.80496486,"remaining_time":7.131040791},
{"learn":[0.02183799266],"iteration":860,"passed_time":43.85861024,"remaining_time":7.080542188},
{"learn":[0.0218065781],"iteration":861,"passed_time":43.91046489,"remaining_time":7.029749599},
{"learn":[0.021762043],"iteration":862,"passed_time":43.96324139,"remaining_time":6.979100893},
{"learn":[0.02171631703],"iteration":863,"passed_time":44.01705507,"remaining_time":6.928610521},
{"learn":[0.02169331292],"iteration":864,"passed_time":44.06956567,"remaining_time":6.877909093},
{"learn":[0.02164690852],"iteration":865,"passed_time":44.12209173,"remaining_time":6.82720588},
{"learn":[0.02161099428],"iteration":866,"passed_time":44.17437003,"remaining_time":6.776460455},
{"learn":[0.02158040124],"iteration":867,"passed_time":44.22697575,"remaining_time":6.725761289},
{"learn":[0.02156722504],"iteration":868,"passed_time":44.28114268,"remaining_time":6.675293085},
{"learn":[0.02154348155],"iteration":869,"passed_time":44.33409093,"remaining_time":6.624634276},
{"learn":[0.02151671794],"iteration":870,"passed_time":44.38718192,"remaining_time":6.573991353},
{"learn":[0.02147284121],"iteration":871,"passed_time":44.43850087,"remaining_time":6.523082696},
{"learn":[0.02142742479],"iteration":872,"passed_time":44.48897958,"remaining_time":6.472050866},
{"learn":[0.02140219813],"iteration":873,"passed_time":44.53884091,"remaining_time":6.420931298},
{"learn":[0.02136916873],"iteration":874,"passed_time":44.58927919,"remaining_time":6.369897028},
{"learn":[0.02132787911],"iteration":875,"passed_time":44.64020328,"remaining_time":6.318932885},
{"learn":[0.02128335233],"iteration":876,"passed_time":44.69153436,"remaining_time":6.268025913},
{"learn":[0.02124903607],"iteration":877,"passed_time":44.74330394,"remaining_time":6.217178908},
{"learn":[0.02120590609],"iteration":878,"passed_time":44.82018387,"remaining_time":6.169786403},
{"learn":[0.02117773105],"iteration":879,"passed_time":44.90318734,"remaining_time":6.12316191},
{"learn":[0.02112671741],"iteration":880,"passed_time":44.96604041,"remaining_time":6.07373304},
{"learn":[0.02110106662],"iteration":881,"passed_time":45.02801741,"remaining_time":6.024156525},
{"learn":[0.02107013948],"iteration":882,"passed_time":45.08463167,"remaining_time":5.973841342},
{"learn":[0.02105109352],"iteration":883,"passed_time":45.14330018,"remaining_time":5.923781472},
{"learn":[0.02101802502],"iteration":884,"passed_time":45.19720128,"remaining_time":5.873082652},
{"learn":[0.02098390359],"iteration":885,"passed_time":45.24933972,"remaining_time":5.822149806},
{"learn":[0.02095659831],"iteration":886,"passed_time":45.30186492,"remaining_time":5.771263513},
{"learn":[0.0209258666],"iteration":887,"passed_time":45.36470379,"remaining_time":5.721674352},
{"learn":[0.02088546302],"iteration":888,"passed_time":45.41521562,"remaining_time":5.670516236},
{"learn":[0.02084969821],"iteration":889,"passed_time":45.46501946,"remaining_time":5.619272068},
{"learn":[0.0208083709],"iteration":890,"passed_time":45.51485971,"remaining_time":5.568035587},
{"learn":[0.02078249127],"iteration":891,"passed_time":45.56348981,"remaining_time":5.516655717},
{"learn":[0.02073456399],"iteration":892,"passed_time":45.61502889,"remaining_time":5.465630562},
{"learn":[0.02068924771],"iteration":893,"passed_time":45.66636886,"remaining_time":5.414580648},
{"learn":[0.0206641991],"iteration":894,"passed_time":45.72106712,"remaining_time":5.363924076},
{"learn":[0.02061648356],"iteration":895,"passed_time":45.77061923,"remaining_time":5.312661161},
{"learn":[0.02058036156],"iteration":896,"passed_time":45.82436699,"remaining_time":5.261883835},
{"learn":[0.02055734211],"iteration":897,"passed_time":45.87604921,"remaining_time":5.210865278},
{"learn":[0.02054483643],"iteration":898,"passed_time":45.92748757,"remaining_time":5.159817847},
{"learn":[0.02052125448],"iteration":899,"passed_time":45.97940522,"remaining_time":5.108822802},
{"learn":[0.02048903313],"iteration":900,"passed_time":46.03455051,"remaining_time":5.058180356},
{"learn":[0.02046427627],"iteration":901,"passed_time":46.08724063,"remaining_time":5.007261177},
{"learn":[0.02043400737],"iteration":902,"passed_time":46.14247641,"remaining_time":4.95661153},
{"learn":[0.02038277471],"iteration":903,"passed_time":46.19179149,"remaining_time":4.90532299},
{"learn":[0.02035366727],"iteration":904,"passed_time":46.24398107,"remaining_time":4.854340554},
{"learn":[0.02032245871],"iteration":905,"passed_time":46.29884353,"remaining_time":4.803632772},
{"learn":[0.02029009434],"iteration":906,"passed_time":46.34885276,"remaining_time":4.752418199},
{"learn":[0.02027628618],"iteration":907,"passed_time":46.39833054,"remaining_time":4.701152434},
{"learn":[0.02023643531],"iteration":908,"passed_time":46.44908584,"remaining_time":4.650018494},
{"learn":[0.02022010189],"iteration":909,"passed_time":46.50038696,"remaining_time":4.59893937},
{"learn":[0.02019117325],"iteration":910,"passed_time":46.55242242,"remaining_time":4.547931499},
{"learn":[0.02016706442],"iteration":911,"passed_time":46.60440731,"remaining_time":4.496916495},
{"learn":[0.0201474839],"iteration":912,"passed_time":46.65878439,"remaining_time":4.446127319},
{"learn":[0.02012451273],"iteration":913,"passed_time":46.71189306,"remaining_time":4.395210944},
{"learn":[0.02008167276],"iteration":914,"passed_time":46.76497499,"remaining_time":4.344287294},
{"learn":[0.02006603263],"iteration":915,"passed_time":46.81711467,"remaining_time":4.293272525},
{"learn":[0.02003669828],"iteration":916,"passed_time":46.8700064,"remaining_time":4.242323371},
{"learn":[0.02000722957],"iteration":917,"passed_time":46.92388587,"remaining_time":4.191458215},
{"learn":[0.01996106731],"iteration":918,"passed_time":46.97676159,"remaining_time":4.140498029},
{"learn":[0.0199357901],"iteration":919,"passed_time":47.02774306,"remaining_time":4.089368961},
{"learn":[0.01990975176],"iteration":920,"passed_time":47.07959904,"remaining_time":4.038315227},
{"learn":[0.0198850594],"iteration":921,"passed_time":47.1317651,"remaining_time":3.987285984},
{"learn":[0.01985335065],"iteration":922,"passed_time":47.18283449,"remaining_time":3.936162791},
{"learn":[0.01982397672],"iteration":923,"passed_time":47.2343782,"remaining_time":3.885078726},
{"learn":[0.01979584283],"iteration":924,"passed_time":47.28686482,"remaining_time":3.834070121},
{"learn":[0.01977088401],"iteration":925,"passed_time":47.33936792,"remaining_time":3.783059639},
{"learn":[0.01973740729],"iteration":926,"passed_time":47.39042482,"remaining_time":3.731932051},
{"learn":[0.01971120258],"iteration":927,"passed_time":47.44138305,"remaining_time":3.680796961},
{"learn":[0.01967486574],"iteration":928,"passed_time":47.49017776,"remaining_time":3.629496901},
{"learn":[0.01964846377],"iteration":929,"passed_time":47.54194248,"remaining_time":3.578425778},
{"learn":[0.01962149642],"iteration":930,"passed_time":47.59771159,"remaining_time":3.527649946},
{"learn":[0.01960734033],"iteration":931,"passed_time":47.64957505,"remaining_time":3.476578437},
{"learn":[0.01957537471],"iteration":932,"passed_time":47.7016247,"remaining_time":3.425518601},
{"learn":[0.01954890987],"iteration":933,"passed_time":47.75322092,"remaining_time":3.374424604},
{"learn":[0.01952155627],"iteration":934,"passed_time":47.80523151,"remaining_time":3.32335834},
{"learn":[0.01950749795],"iteration":935,"passed_time":47.85739959,"remaining_time":3.272300827},
{"learn":[0.0194758392],"iteration":936,"passed_time":47.9083863,"remaining_time":3.221161512},
{"learn":[0.01944448628],"iteration":937,"passed_time":47.95842053,"remaining_time":3.169959566},
{"learn":[0.01940984263],"iteration":938,"passed_time":48.01310221,"remaining_time":3.119062018},
{"learn":[0.01938616488],"iteration":939,"passed_time":48.07428175,"remaining_time":3.068571175},
{"learn":[0.01935985222],"iteration":940,"passed_time":48.14362746,"remaining_time":3.018569628},
{"learn":[0.01934291453],"iteration":941,"passed_time":48.21104156,"remaining_time":2.968408079},
{"learn":[0.01932098105],"iteration":942,"passed_time":48.27716165,"remaining_time":2.918131722},
{"learn":[0.01929929068],"iteration":943,"passed_time":48.33978405,"remaining_time":2.867614308},
{"learn":[0.0192648571],"iteration":944,"passed_time":48.39559259,"remaining_time":2.816674701},
{"learn":[0.01922950959],"iteration":945,"passed_time":48.45308062,"remaining_time":2.76582067},
{"learn":[0.01921195479],"iteration":946,"passed_time":48.50688535,"remaining_time":2.714746488},
{"learn":[0.01918727976],"iteration":947,"passed_time":48.56356283,"remaining_time":2.663824122},
{"learn":[0.01916186738],"iteration":948,"passed_time":48.62085411,"remaining_time":2.612922613},
{"learn":[0.01914730147],"iteration":949,"passed_time":48.67491485,"remaining_time":2.561837623},
{"learn":[0.01911621503],"iteration":950,"passed_time":48.72815937,"remaining_time":2.510704321},
{"learn":[0.0190846586],"iteration":951,"passed_time":48.78083621,"remaining_time":2.45953796},
{"learn":[0.0190435679],"iteration":952,"passed_time":48.83552168,"remaining_time":2.408467491},
{"learn":[0.01900861624],"iteration":953,"passed_time":48.88861804,"remaining_time":2.357312819},
{"learn":[0.01898844257],"iteration":954,"passed_time":48.94170726,"remaining_time":2.306153745},
{"learn":[0.01895672461],"iteration":955,"passed_time":48.99616776,"remaining_time":2.255053746},
{"learn":[0.01891676448],"iteration":956,"passed_time":49.04892087,"remaining_time":2.203870008},
{"learn":[0.01889327529],"iteration":957,"passed_time":49.10596208,"remaining_time":2.152870989},
{"learn":[0.01887306791],"iteration":958,"passed_time":49.16306069,"remaining_time":2.101861823},
{"learn":[0.01885601816],"iteration":959,"passed_time":49.22573534,"remaining_time":2.051072306},
{"learn":[0.01883279605],"iteration":960,"passed_time":49.29306476,"remaining_time":2.000446957},
{"learn":[0.01878854096],"iteration":961,"passed_time":49.35460464,"remaining_time":1.949558187},
{"learn":[0.01876636239],"iteration":962,"passed_time":49.42636622,"remaining_time":1.899040031},
{"learn":[0.01874091289],"iteration":963,"passed_time":49.49772511,"remaining_time":1.848462763},
{"learn":[0.01871783897],"iteration":964,"passed_time":49.55778788,"remaining_time":1.797432721},
{"learn":[0.01869153883],"iteration":965,"passed_time":49.61331663,"remaining_time":1.746224395},
{"learn":[0.01866332109],"iteration":966,"passed_time":49.66668155,"remaining_time":1.69493329},
{"learn":[0.01864309912],"iteration":967,"passed_time":49.72225806,"remaining_time":1.64371101},
{"learn":[0.0186194937],"iteration":968,"passed_time":49.77761215,"remaining_time":1.592472628},
{"learn":[0.01858859242],"iteration":969,"passed_time":49.83659962,"remaining_time":1.541338133},
{"learn":[0.01855784546],"iteration":970,"passed_time":49.89524397,"remaining_time":1.490177214},
{"learn":[0.01853285481],"iteration":971,"passed_time":49.94926313,"remaining_time":1.438867662},
{"learn":[0.01850359309],"iteration":972,"passed_time":50.00613482,"remaining_time":1.387631696},
{"learn":[0.01845729989],"iteration":973,"passed_time":50.06441153,"remaining_time":1.336421663},
{"learn":[0.01842825293],"iteration":974,"passed_time":50.11865425,"remaining_time":1.285093699},
{"learn":[0.01841262835],"iteration":975,"passed_time":50.17402309,"remaining_time":1.233787453},
{"learn":[0.01839641741],"iteration":976,"passed_time":50.22526425,"remaining_time":1.182375719},
{"learn":[0.01836301898],"iteration":977,"passed_time":50.27854174,"remaining_time":1.131010141},
{"learn":[0.0183430638],"iteration":978,"passed_time":50.33266559,"remaining_time":1.079658813},
{"learn":[0.01832783516],"iteration":979,"passed_time":50.38805552,"remaining_time":1.028327664},
{"learn":[0.01830889607],"iteration":980,"passed_time":50.43842535,"remaining_time":0.9768910109},
{"learn":[0.01828370977],"iteration":981,"passed_time":50.48962111,"remaining_time":0.9254716701},
{"learn":[0.01826083038],"iteration":982,"passed_time":50.54081703,"remaining_time":0.8740527868},
{"learn":[0.01823543213],"iteration":983,"passed_time":50.59224808,"remaining_time":0.8226381801},
{"learn":[0.01820493004],"iteration":984,"passed_time":50.64486941,"remaining_time":0.7712416662},
{"learn":[0.0181788438],"iteration":985,"passed_time":50.69881119,"remaining_time":0.7198614165},
{"learn":[0.01814015428],"iteration":986,"passed_time":50.75399651,"remaining_time":0.6684923552},
{"learn":[0.01810710481],"iteration":987,"passed_time":50.81353359,"remaining_time":0.6171684242},
{"learn":[0.01807673392],"iteration":988,"passed_time":50.86994408,"remaining_time":0.565793109},
{"learn":[0.01805022835],"iteration":989,"passed_time":50.92877778,"remaining_time":0.5144320988},
{"learn":[0.01802338657],"iteration":990,"passed_time":50.9851019,"remaining_time":0.4630332161},
{"learn":[0.01799721038],"iteration":991,"passed_time":51.04512194,"remaining_time":0.4116542092},
{"learn":[0.01797400022],"iteration":992,"passed_time":51.14114645,"remaining_time":0.3605116064},
{"learn":[0.01795370291],"iteration":993,"passed_time":51.21413684,"remaining_time":0.309139659},
{"learn":[0.0179277926],"iteration":994,"passed_time":51.26944452,"remaining_time":0.2576353996},
{"learn":[0.01788753806],"iteration":995,"passed_time":51.32643624,"remaining_time":0.206130266},
{"learn":[0.01786382194],"iteration":996,"passed_time":51.38128721,"remaining_time":0.1546076847},
{"learn":[0.01784928551],"iteration":997,"passed_time":51.43368064,"remaining_time":0.1030735083},
{"learn":[0.01782738738],"iteration":998,"passed_time":51.49356384,"remaining_time":0.05154510895},
{"learn":[0.01780415656],"iteration":999,"passed_time":51.5688178,"remaining_time":0}
]}